CourseName,Difficulty
1000 YRS MUSICAL LISTENG,2.20125
17 C INTELL HIST,3.34
17C INTELLECT HISTORY,2.98
19TH CENT EUR INTEL HIST,2.99
20TH CENT EUR INTEL HIST,3.01
20TH-CENT POETRY,2.405
20TH-CENTURY NOVEL,2.835
2ND SEM IND STDY IN BE,2.99
3-D COMPUTER MODELING,2.525
3-D COMPUTER MODELING AND SCULPTURE,2.466
3-D DESIGN,1.21125
3D COMP MODLG/SCULP,2.546666667
3D COMPUTER MODELING,2.605
4W CSH - Rehab / Pulmonary,3
A History of Films By and About Native Americans,2.39
A WORLD AT WAR,2.516
ABNORMAL PSYCHOLOGY,2.48
ACCT FOR COMPLX FIN STRU,3.73
Achaemenids and Hellenistic Aftermath,3.5
ACTING SHAKESPEARE,2.44
ACTUARIAL STATISTICS,2.943333333
ADOLESCENT CLINICAL@CHOP,1.917142857
ADV CHEM ENG SCIENCE,3.2725
ADV CLIN PRAC  CLINICAL  ADVANCED CLINICAL PRACTICE  PEDS CLINICAL,3
ADV JOURNALISTIC WRITING,1.93
ADV JOURNALISTIC WRITING  GLOBAL JOURNALISM,2.11
ADV JOURNALISTIC WRITING  JOURNALISTIC STORY-TELL.,1.75
ADV NON-FIC WRITING,2.765
ADV PROJ IN POPULAR CULT  ADV WRITING PROJECTS,2.544
ADV RDGS MOD KOREAN I,2.7
ADV REAL EST INV  ANALYS,3.536
ADV SPAN/MED PROFS,2.28
ADV SYNTH & SPECTRO LAB  Advanced Synthesis and Spectroscopy Lab,2.89
ADV TOPICS NEGOTIATION,2.003333333
ADV TPC IN PHYS/CHEM BE,3.64
ADV TPCS IN ALGORITHMS,3.426666667
ADV WRITING FOR CHILDREN,2.735
ADV. TOPIC BEHAV. GENET.,3
ADVANCED ACTING  ACTING LEVEL II,1.833333333
ADVANCED CALCULUS,3.389333333
ADVANCED CELL BIOLOGY,3.07
ADVANCED CLINICAL PRACTICE  ADULT HEALTH & ILLNESS CLINICAL,2.9265
ADVANCED CLINICAL PRACTICE  COMMUNITY HEALTH CLINICAL,2.7075
ADVANCED CLINICAL PRACTICE  HILLMAN CLINICAL - NY PRESBYTERIAN,3.02
ADVANCED CLINICAL PRACTICE  HILLMAN CLINICAL - NYU HOSPITAL,3
ADVANCED CLINICAL PRACTICE  OB CLINICAL,2.6475
ADVANCED CLINICAL PRACTICE  OB CLINICAL PA HOSPITAL,2.12
ADVANCED CLINICAL PRACTICE  PEDIATRICS CLINICAL,2.668571429
ADVANCED CLINICAL PRACTICE  PEDS CLINICAL,2.68
ADVANCED CLINICAL PRACTICE  THEORY,2.728181818
ADVANCED CORP FINANCE,3.114347826
ADVANCED DECISION SYS,2.1225
ADVANCED DIGITAL PHOTO,2.29
ADVANCED DIGITAL PHOTOGRAPHY,2.635
ADVANCED ECOLOGY,2.973333333
ADVANCED ECON TECH & APP,3.136666667
ADVANCED EVOLUTION,3.265
ADVANCED FICTION WRITING,2.274
ADVANCED GRAPHIC DESIGN AND TYPOGRAPHY,2.59
ADVANCED POETRY WRITING,2.2675
ADVANCED PROJECT ANIMATION  ANATOMIC SYSTEMS (CHARACTER ANIMATION),3
ADVANCED PROJECTS IN ANIMATION  FACIAL ANIMATION,3
ADVANCED PROJECTS IN ANIMATION  LAB,2.8
ADVANCED SCREEN WRITING,2.07
ADVANCED SCREENWRITING,2.05
ADVANCED SEMINAR  Financial Engineering,3.835
Advanced Seminar on Private Equity,1.17
ADVANCED WHEEL STUDIO,2.833333333
ADVANCES IN HEALTH SYSTEMS RESEARCH AND ANALYSIS,2.783333333
ADVERTISING MANAGEMENT,1.681
AESTHETICS,2.3025
AFR HIST BEFORE 1800,2.01
AFRICA & THE MID-EAST,2.883333333
AFRICA SINCE 1800,2.22
AFRICAN LANG. & CULTURE,1.458
AFRICAN-AMERICAN LIT,2.51
AFRO AMER HIST,2.27
AFRO AMER HIST 1876-PRES,2.1875
AGE OF CAESAR,2.43
AGENT-BASED MOD,2.665
AIR POLLUTION  SOURCES & EFFECTS IN URBAN ENVIRONMENTS,2
ALGEBRA,3.402777778
ALGORITHMIC GAME THEORY,2.47
AM DIPLO HIST SINCE 1776,2.76
AMER CON LAW II,2.615
AMER EXPANSION-PACIFIC,2.283333333
AMER JEWISH EXPERIENCE,1.965
AMER REVOLUTION,2.536666667
AMERICA IN THE 1960S,2.552
AMERICAN CAPITALISM,2.7475
AMERICAN DIALECTS,2.01
AMERICAN FOREIGN POLICY,2.708
AMERICAN HEALTH POLICY,2.7025
AMERICAN MUSICAL THEATRE,2.27
AMERICAN POETRY,2.243333333
AMERICAN POLIT THOUGHT,2.45
AMERICAN SOCIETY,1.8375
AMERICAN SOUTH 1861-PRES,2.695
ANAL METH ECON  LAW MED,2.131111111
ANALYTICAL MECHANICS,2.766
ANALYTICAL METH FOR ENG,3.3625
ANCIENT CIVS OF THE WRLD,2.215
ANCIENT GREECE,2.54
ANCIENT JAPANESE CIV,1.785
ANCIENT MORAL PHILOSOPHY,2.605
ANCIENT POLITICAL THOUGH,2.265
ANCIENT ROME,2.372
ANIMAL BEHAVIOR,2.771428571
ANIMAL BEHAVIOR  The Evolution of Behavior,2.72
ANIMAL COGNITION,2.055
ANIMALS IN SCI MED TECH,2.155
ANTH & EVERYDAY BIOETHI,2.355
ANTH OF CORPORATIONS,1.96
ANTH OF GLOBAL LABOR,2.19
ANTHRO & PUBLIC HEALTH  Anthropology and Public Health,2.5
ANTHRO STUDY OF CULTURE  LECTURE,1.755
APP OF OPER RES IN SE,1.925
APP OF SCIENTIFIC COMP,2.526
APPL PROB MODELS MKTG,3.496
APPL STAT METHD FOR ACTU,2.815
APPLIED MUSIC,2.662222222
AR RDGS SOC SCI,2.695
ARAB ENSEMBLE,1.0175
ARAB VOICES OF DISSENT,2.075
ARABIC IN RESIDENCE,1.075
ARABIC LIT & THEORY,3.28
ARCH & LANDSCPE DESIGN 1,3.6
ARCHAEOLOGY & SCIENCE,2.03
ARCHAEOLOGY & THE BIBLE,2.45
ARCHAEOLOGY FIELD PROJEC,1.376666667
ARCHAEOLOGY OF ANIMALS,2.815
ARCHAEOLOGY OF THE INCA,2.476666667
ARCHITECT AND HISTORY,2.42
ARCHITECTURE & LANDSCAPE DESIGN II,3.633333333
ARCHITECTURE AND LANDSCAPE DESIGN I,3.496
ARCHITECTURE AND LANDSCAPE DESIGN II,3.62
ARCHITECTURE LOC & CLASS  Philadelphia Architecture 1780-1930,2.1
ART  DESIGN AND DIGITAL CULTURE,2.307777778
ART & CIV IN EAST ASIA,2.403333333
ART AND BUSINESS OF FILM,1.981666667
ART AND RELIGION,2
ARTS OF KOREA,1.73
ASIAN AMER IN CONTEMP SO,2.003333333
ASIAN AMERI COMMUNITIES  Asian American Communities,1.845
ASIAN AMERICAN ACTIVISM,1.58
ASIAN-AMERICAN LIT,2.375
ASP - IMPACT INVESTING,1.99
ASP-CORP RESTRUCTURING,3.215
ASP-Managing Fixed Income Portfolios,3.48
ASTRONOMICAL TECHNIQUES,2.57
AUDITING,1.1675
AUGUSTAN CULTRL REVOL,2.4
AUTISM EPIDEMIC,1.9
AUTOMATA COMPUT.& COMPLX,3.28
AUTONOMIC PHYSIOLOGY,3.26
BANCROFT BEHAVIORAL CENTER - NEW JERSEY,1.785
BANKERS  ACTIVISTS  & GOVNT  THE MAKING OF URBAN HOUSING POLICY IN AMERICA,2.25
BASIC CONCEPTS OF PHARMACOLOGY & THERAPEUTICS,3.083333333
BECOMING HUMAN,2.064
BEETHOVEN,2.413333333
BEGINNING SITAR I,1.145
BEGINNING SITAR II,1.274
BEHAVIORAL ECON & PSYCH,2.576666667
BEHAVIORAL ECON AND PSYC,2.37
BEHAVIORAL ECONOMICS,3.225
BEHAVIORAL FINANCE,2.1525
BEHAVIORAL GENETICS,3.03
BEHAVIORAL MEDICINE,1.48
BEHAVIORAL PHARMACOLOGY,2.45
BEING HUMAN   Being Human  Biology  Culture & Human Diversity,2.286666667
BEN FRANKLIN SEMINAR  PHOTOGRAPHIC THINKING,2.585
BENJAMIN FRANKLIN SEMINAR  OPEN BOOK,3.07
BENJAMIN FRANKLIN SEMINAR  PHOTOGRAPHIC THINKING,2.555
BIG PICTURES  MURAL ART,1.9125
BIG PICTURES  MURAL ARTS,1.8325
BIO BASIS PSYCHIA DISORD,2.335
BIO-PHYSICAL CHEMISTRY,3.11
BIOCHEMISTRY,3.624
BIOCHEMISTRY RESEARCH,2.103333333
BIOENGINEERING LAB I,3.34
BIOENGINEERING LAB II,3.174
BIOENGINEERING LAB III,2.990769231
BIOENGINEERING SYSTEMS,3.045
BIOETHICS,1.8925
BIOLOGICAL CHEMISTRY I,3.0975
BIOLOGICAL CHEMISTRY II,3.127692308
BIOLOGICALLY BASED CHEMISTRY,2.6325
BIOLOGY OF HUMAN DISEASE,2.456
BIOMATERIALS,2.43
BIOMEDICAL ETHICS,2.31
BIOSOCIAL CRIMINOLOGY,2.266666667
BIOTECH & BIOCHEM ENG,2.4275
BIOTECH/GENETEC ENG LAB,2.243333333
BLACKS IN AMER FILM/TV,2.295
BRITISH POETRY 1660-1914,2.5
BUS IN GLOBAL POL ENVIR,2.322758621
BUS INSR & EST PLNG,2.015
BUSINESS COMP LANGUAGES,2.06
BUSINESS ECONOMICS,3.19
BUSINESS POLICY,2.321666667
BUYER BEHAVIOR,2.615
C++ PROG,1.776666667
CALCULUS FOR WHARTON STU,3.38
CALCULUS I,3.180612245
CALCULUS II,3.213142857
CALCULUS II PROB&MATRIC,2.69125
CALCULUS III,3.076956522
CALCULUS IV,3.498095238
CANCER CELL BIOLOGY,2.89
CAPITAL MARKETS,2.4875
CASE STUDY   HOME HEALTH CARE,1.85
CASE STUDY   NURSING PRACTICE AND HIV+ PATIENTS,1.414285714
CASE STUDY  BREAST FEEDING & HUMAN LACTATION,2.97
CASE STUDY  CANCER,2.666363636
CASE STUDY  CASE ANALYSIS IN CLINICAL NUTRITION,2.136
CASE STUDY  CULTURE OF BIRTH,2.374
CASE STUDY  QUALITY CARE CHALLENGES IN AN EVOLVING HEALTH CARE MARKET,2.1525
CASE STUDY  USE OF COMPLEMENTARY AND ALTERNATIVE MEDICINE (CAM),2.22
CELL BIOLOGY,2.98875
CELL MOTILITY & CYTOSKEL,2.926666667
CELL NEUROBIOLOGY  Molecular and Cellular Neurobiology,3.43
CELL SIGNALING,2.77
CELL. BIOL. & BIOCHEM.,3.355
CELL&MICOBIO LABORATORY,2.3975
CELLULAR BIOLOGY AND BIOCHEMISTRY,3.593333333
CERAMICS  HANDBLDG,2.083333333
CHAOT DYNAM ELEC & BIOL,2.875
CHEM OF THE ENVIRONMENT,2.64
CHEMICAL PROCESS CONTROL,2.634
CHEMICAL REACTOR DESIGN,3.58
CHILDREN & MEDIA,2.348333333
CHILDREN'S HEALTH IN THE UNITED STATES  1800-2000,2.14
CHILDREN'S MEDIA POLICY,2.36
CHINAS DOMESTIC POLITICS,2.413333333
CHINESE CLTURE & SOCIETY  Chinese Culture and Society,2.32
CHINESE FOREIGN POLICY,2.635
CHINESE PAINTING,3.21
CHINESE POETRY & PROSE,2.39
CHINESE POLITICS,2.6675
CHOP - 4 South - Surgical,2.716666667
CHOP - 5 East - Pulmonary/Hematology,2.975
CHOP - 6 East - Cardiac,2.835
CHOP - 8 South - CF / Pulmonary / Adolescent,2.423333333
CHROMOSOMES & CELL CYCLE,2.666666667
CINE - FRESHMAN SEMINAR  KATHARINE HEPBURN FILMS,1.795
CINEMA PRODUCTION,2.285
CIRCUIT-LEVEL MODELING,3.8875
CIV RIGHTS/CIV LIBERTIES,2.656666667
CIVIL WARS,2.806666667
CLASS SOC THEORY,2.245
CLASSICAL LIBERAL THGHT,3.19
CLASSICAL TRADITIONS,2.293333333
CLAY WHEEL THROWING I,2.41
CLAY WHEEL THROWING II,2.89
CLEAN WATER-GREEN CITIES,2.172
CLEAN WATER-GREEN CITIES  An ABCS approach to using water science to create a sustainable Phila,2.175
CLIMATE POLICY & TECH,1.815
CLIN ISS IN HLTH CR MGMT,2.002
CLINIC,2.487473684
CLINIC  4W CSH - Rehab / Pulmonary,2.915
CLINIC  A  HUP Baby Friendly/Mercy Home Health   B  Penn Family Care,1.71
CLINIC  A  Keystone Care   B  Phila. Free Library - Blackwell,1.2
CLINIC  A  LIFE Univ. City   B  Inglis Foundation,1.75
CLINIC  A  Main Line Home Health Care   B  LIFE Univ. City,2.33
CLINIC  A  New Courtland LIFE   B  Phila. School District,1.25
CLINIC  A  Penn Care at Home   B  Phila. Free Library - Paschalville,2.6
CLINIC  A  Penn Family Care   B  HUP Baby Friendly/Mercy Home Health,1.83
CLINIC  A  Phila. Free Library - Blackwell   B  Keystone Care,1.17
CLINIC  A  Phila. Free Library - Paschalville   B  Penn Care at Home,2.2
CLINIC  A  Phila. School District   B  New Courtland LIFE,2
CLINIC  ADOL  CHOP FRI 12-4   OB  HUP TUES 2-8   OLDER WMN  REDEEMER THURS 8-12,2.33
CLINIC  ADOL  CHOP FRI 7-11   OB  PAH TUES 7-1   OLDER WMN  LUTHERAN THUR 8-12,1.83
CLINIC  ADOL  CHOP SAT 11-3   OB  HUP THURS 7-1   OLDER WMN  PENNS T 8-12,2
CLINIC  ADOL  CHOP SAT 7-11   OB  HUP TUES 7-1   OLDER WMN  PENNS TH 8-12,2
CLINIC  ADOL  CHOP SUN 11-3   OB  HUP THURS 2-8   OLDER WMN  REDEEMER TUES 8-12,1.5
CLINIC  ADOL  CHOP SUN 7-11   OB  PAH TH 7-1   OLDER WMN  REDEEMER F 8-12,1.5
CLINIC  ADOL  CHOP THUR 1-4   OB  HUP FRI 7-1   OLDER WMN  FOUKEWAYS TUE 8-12,2.75
CLINIC  ADOL  CHOP THUR 7-11   OB  HUP SUN 7-1   OLDER WMN  LUTHERAN TUES 8-12,3
CLINIC  ADOL  CHOP TUES 1-4   OB  HUP SAT 7-1   OLDER WMN  FOUKEWAYS TH 8-12,2.25
CLINIC  ADOL  CHOP TUES 7-11   OB  PAH TH 2-8   OLDER WMN  PENNS F 8-12,2.43
CLINIC  ADOL  GIRLS INC THUR 10-6   OB  HUP SUN 2-8   OLDER WMN  FOUKWAYS F 8-12,2.33
CLINIC  ADULT HEALTH & ILLNESS,2.85
CLINIC  AH&I - EVENING,3.17
CLINIC  BRYN MAWR HOSPITAL,1.375
CLINIC  CHOP - 2 East - NICU,3.29
CLINIC  CHOP - 2 East NICU,3.12
CLINIC  CHOP - 4 East,2.3075
CLINIC  CHOP - 4 East - Surgery / Trauma,2.4
CLINIC  CHOP - 4 South,2.777272727
CLINIC  CHOP - 4 South - Surgical,2.7475
CLINIC  CHOP - 4 South - Surgical / Trauma,2.855
CLINIC  CHOP - 4W CSH,3.066666667
CLINIC  CHOP - 5 East,2.727142857
CLINIC  CHOP - 5 East - Hematology / General Peds,2.5
CLINIC  CHOP - 5 East - Pulmonary/Hematology,3.075
CLINIC  CHOP - 5 South,2.674
CLINIC  CHOP - 5 West,3.42
CLINIC  CHOP - 5 West A,2.775
CLINIC  CHOP - 6 East - Cardiac,3.23
CLINIC  CHOP - 6 East - Cardiac Stepdown,3.415
CLINIC  CHOP - 6 East Cardiac,3.235
CLINIC  CHOP - 8 South,2.6875
CLINIC  CHOP - 8 South - CF / Pulmonary / Adolescent,2.833333333
CLINIC  CHOP - 9S - Neuro / GI / Surgery,3
CLINIC  CHOP - TBD,2.5
CLINIC  DCMH TUE 2PM-10PM   STAPELY TUE 7AM-11AM,2
CLINIC  DE COUNTY 12HR THURSDAYS,2.49
CLINIC  DE COUNTY 12HR TUESDAYS,2.056666667
CLINIC  DE COUNTY TUES 7AM-1PM   ARTMAN TUES 7AM - 11AM,2.13
CLINIC  DULLES 6,2.875333333
CLINIC  FOUNDERS 12,2.9875
CLINIC  FOUNDERS 12 - VA CONTINUING CARE 1,2.14
CLINIC  FOUNDERS 14,2.953076923
CLINIC  FOUNDERS 14 - General Medicine,2.583333333
CLINIC  FOUNDERS 14 - PENN REHAB @ RITTENHOUSE,1.8
CLINIC  HUP DAYS,2.493333333
CLINIC  HUP EVENINGS,2.193333333
CLINIC  HUP FRIDAY EVENINGS,2.24
CLINIC  HUP M/W EVENINGS,2.38
CLINIC  HUP SAT 7AM-1PM   PENNSWOOD SAT 7AM - 11AM,2.75
CLINIC  HUP SAT 7AM-1PM   ST. JOES HR SAT 7AM-11AM,2
CLINIC  HUP SATURDAYS,2.52
CLINIC  HUP SUN 2PM-8PM   ARTMAN SUN 7AM-11AM,2
CLINIC  HUP SUN 7AM-1PM   ATRIA SAT 9AM - 1PM,3
CLINIC  HUP SUNDAYS,2.834
CLINIC  HUP THUR 2PM-8PM   FOULKWAYS THUR 7AM - 11AM,2
CLINIC  HUP THUR 2PM-8PM   PAUL'S RUN THUR 7AM-11AM,2.83
CLINIC  HUP THUR 7AM-1PM   PENNSWOOD THUR 7AM - 11AM,2.425
CLINIC  HUP TUES 2PM-8PM   FOULKWAYS TUES 7AM - 11AM,2
CLINIC  HUP TUES 2PM-8PM   PAUL'S RUN TUES 7AM-11AM,2.5
CLINIC  HUP TUES 7AM-1PM   LIFE PENN TUES 7AM-11AM,2.29
CLINIC  HUP TUES 7AM-1PM   PENNSWOOD TUES 7AM - 11AM,2.75
CLINIC  LANKENAU SATURDAYS,2.21
CLINIC  LANKENAU TUES 2PM-8PM   PENNSWOOD TUE 7AM-11AM,2.6
CLINIC  LANKENAU TUES 7AM-1PM   NEW COURTLAND LIFE TUE 7AM-11AM,2.2
CLINIC  LANKENAU TUES 7AM-1PM   STAPELY TUES 7AM - 11AM,2.43
CLINIC  LIFE UNIVERSITY CITY /,1.865
CLINIC  OB,2.65
CLINIC  OB  DEL COUNTY THUR 7-1   OLDER WMN  STAPELY F 7-11,2.33
CLINIC  OB  DEL COUNTY TUES 7-1   OLDER WMN  LIFE UNIV CITY FRI 7-11,2
CLINIC  OB  HUP SAT 7-1   OLDER WMN  NEW COURTLAND LIFE THURS 9-1,3
CLINIC  OB  HUP SUN 7-1   OLDER WMN  NEW COURTLAND LIFE T 9-1,2.67
CLINIC  OB  HUP THURS 2-8   OLDER WMN  PENNSWOOD TUES 7-11,1.6
CLINIC  OB  HUP THURS 7-1   OLDER WMN  ARTMAN TUES 7-11,2.67
CLINIC  OB  HUP TUES 2-8   OLDER WMN  PAUL'S RUN THURS 8-12,2.4
CLINIC  OB  HUP TUES 7-1   OLDER WMN  PENNSWOOD THUR 7-11,1.6
CLINIC  OB  PAH FRI 7-1   OLDER WMN  STAPELEY SAT 7-11,2
CLINIC  OB  PAH THUR 7-1   OLDER WMN  ST. JOSEPH/HOLY REDEEMER TUES 7-11,2.17
CLINIC  OB  PAH TUE 7-1   OLDER WMN  PENNSWOOD SUN 7-11,1.67
CLINIC  OB  PAOLI TUES 7-1   OLDER WMN  ST. JOSEPH'S/HOLY REDEEEMER THUR 7-11,1.4
CLINIC  PA HOSP DAYS,2.444
CLINIC  PAH FRI 4PM-10PM   HOLY REDEEMER FRI 7AM - 11AM,1.6
CLINIC  PAH THUR 7AM-1PM   LIFE PENN THUR 7AM-11AM,2
CLINIC  PAH THUR 7AM-1PM   PAUL'S RUN THUR 7AM - 11AM,2.5
CLINIC  PAH THUR 7AM-1PM   STAPELEY THUR 7AM - 11AM,2.57
CLINIC  PAH TUES 7AM-1PM   HOLY REDEEMER 7AM-11AM,1.8
CLINIC  PAH TUES 7AM-1PM   PAUL'S RUN TUES 7AM - 11AM,2.33
CLINIC  PAOLI 12HR TUES,2.6675
CLINIC  PARK PLEASANT / PRESBY 3S,2.415
CLINIC  PARK PLEASANT NURSING HOME,2.536666667
CLINIC  PARK PLEASANT NURSING HOME /,2.3975
CLINIC  PEDIATRICS,2.474
CLINIC  PENN REHAB,2.4075
CLINIC  PENN REHAB @ RITTENHOUSE / HUP DULLES 6,2.395
CLINIC  PRESBY  ACE - Acute Care for Elderly,3.2
CLINIC  PRESBY 3E,2.938333333
CLINIC  PRESBY CARDIAC CATH / PRESBY 3E,2.346666667
CLINIC  RAVDIN 6,2.885
CLINIC  RAVDIN 6 - PARK PLEASANT,2.3225
CLINIC  RAVDIN 9,2.677777778
CLINIC  RAVDIN 9 - PENN REHAB @ RITTENHOUSE,2.12
CLINIC  RHOADS 1,2.836666667
CLINIC  RHOADS 3,2.965555556
CLINIC  RHOADS 4,2.83
CLINIC  RHOADS 4 - VA CONTINUING CARE 2,1.734
CLINIC  RHOADS 6,3.174
CLINIC  RHODES 3,3
CLINIC  RHODES 4 - PARK PLEASANT NURSING HOME,1.8
CLINIC  SILVER 9 - VA CONTINUING CARE 1,2
CLINIC  SILVERSTEIN 10,2.742142857
CLINIC  SILVERSTEIN 10 - Cardiac Surgery,2.38
CLINIC  SILVERSTEIN 11,3.201
CLINIC  SILVERSTEIN 12,3.211111111
CLINIC  SILVERSTEIN 9,3.21
CLINIC  SILVERSTEIN 9 - Neurology,2.86
CLINIC  SILVERSTIEN 10,3.125
CLINIC  TBD,2.145
CLINIC  WEST PHILA. COMMUNITY CENTER / HUP FOUNDERS 7,2.305
CLINIC  WEST PHILADELPHIA COMMUNITY CENTER,1.9775
CLINICAL RES.  IN NEURO  Clinical Research in Neuroscience,1.7275
CNTMPRY US DRAMA/THEATRE,1.95
COGNITIVE DEVELOPMENT,2.575
COGNITIVE NEUROSCIENCE,2.85
COLD WAR  GLOBAL HISTORY,2.64
COLLEGE MUSIC PROGRAM,1.662222222
COLONIAL LATIN AMERICA,1.92
COMM & THE PRESIDENCY,2.46125
COMM &EMERGENCY RESPONSE,2.11
COMM AND THE BIBLE,2.07
COMMUNICATION & CONGRESS,2.3475
COMMUNICATION BEHAVIOR,2.236
COMMUNICATION INTERNSHIP,2.22
COMMUNICATIONS INTERNSHP,1.913333333
COMMUNITY ALGEBRA INITIA,2.033333333
Community Based Environmental Health,2.2025
COMMUNITY ECONOMIC DEVELOPMENT,2.205
COMMUNITY ECONOMIC DEVL,2.25
COMMUNITY MATH TEACH PRO,1.493333333
COMP CAPITALIST SYSTEMS,2.495454545
COMP ORG AND DESIGN,3.394
COMP POL. WELFARE STATE,3.425
COMP VERT ANATOMY & EVOL,2.605
COMP. S. ASIAN POLITICS,2.915
COMPARATIVE HC SYSTEMS,2.9275
COMPARATIVE MEDICINE,2.2425
COMPARATIVE POL COMM  Comparative Political Communication,3.04
COMPARATIVE POLITICS,2.746
COMPETITIVE STRATEGY,2.192
COMPILERS & INTERPRETER,3.436666667
COMPREHENSIVE SCHOOL REFORM AS APPLIED PUBLIC POLICY,2.72
COMPS CAPSTONE THESIS,3.25
COMPUT LINEAR ALGEBRA,2.322
COMPUTER ANIMATION,2.628571429
COMPUTER METHODS I,2.8675
COMPUTER OPER SYSTEM,3.5325
CONCEPTS IN NURSING  HEALTHY LIFE STYLES I,2.125
CONCEPTS IN NURSING  HEALTHY LIFE STYLES II,2.43
CONCEPTS IN NURSING  HEALTHY LIFE STYLES II CLINICAL,2.5
CONCEPTS OF LIGHTING,1.525
CONCEPTS OF STAGE DESIGN,1.9175
CONST LAW & FREE ENTERPR,2.336666667
CONSTITUTIONAL LAW,2.68
CONSTRUCT A LANGUAGE,2.275
CONSULT TO GROWTH CO,2.8375
CONSUMER BEHAVIOR,2.22
CONSUMERS FIRMS & MARKET,1.88
CONTEMP AFRICAN POLITICS,2.604
CONTEMP FEMINIST THOUGHT,2.154
CONTEMP RUSS THRGH FILM,2.645
CONTEMPOR FICT/FILM-JPAN,2.34
CONTEMPORARY PHIL  ENHANCING THE HUMAN MIND,2.215
CONTEMPORARY SOCIO THEOR,2.248
CONTINUUM BIOMECHANICS,2.96
CONTMP POL POLICY JOURN,1.89
CONTROL OF SYSTEMS,3.295
CORP RESP AND ETHICS,2.016142857
CORPORATE FINANCE,2.988301887
CORPORATE VALUATION,3.612631579
CORPORATION FINANCE,3.122857143
COSMOPOLITAN URBANISM  RIO DE JANEIRO,2.83
COST ACCOUNTING,2.783333333
COVERING POLITICAL ELECT  POLITICAL COMMENTARY WRITING,1.725
CRAFT OF PROSE,2.530238095
CRAFT OF PROSE  CRAFT OF PROSE,2.498653846
CREAT.NON-FICTION WRIT,2.025217391
CREAT.NON-FICTION WRIT  PEER TUTORING,2.3275
CREATIVE RESEARCH,3.04
CREATIVE WRITING,1.8
CREATIVE WRITING  Creative Writing   Personal Essay/Fiction,1.5525
CREATIVITY,1.353333333
CRIME & HUMAN DEVELOPMNT,2.76
CRIMINAL JUSTICE,1.894
CRIMINOLOGY,1.598
CRIT PERSPECT IN JOURNAL,2.753333333
Critical Approaches to Popular Culture,2.785
CRITICAL WRITING SEMINAR  ART  EXHIBITS  MUSEUMS,2.48
CRITICAL WRITING SEMINAR  BEYOND 'WILL AND GRACE',2.906666667
CRITICAL WRITING SEMINAR  CONNECT & COMMUN ONLINE,2.78
CRITICAL WRITING SEMINAR  CONTEMPORARY ART/ARTISTS,2.58
CRITICAL WRITING SEMINAR  CRITICAL WRITING SEMINAR,2.335
CRITICAL WRITING SEMINAR  DAVINCI SCIENTIST ARTIST,2.553333333
CRITICAL WRITING SEMINAR  DIGITAL DEMOCRACY,2.913333333
CRITICAL WRITING SEMINAR  DRUG BUSINESS AND ETHICS,2.947142857
CRITICAL WRITING SEMINAR  EINSTEIN & PICASSO,2.548888889
CRITICAL WRITING SEMINAR  EURO. & AMER. IDENTITIES,2.72
CRITICAL WRITING SEMINAR  EUROPEAN & AMERICAN IDEN,2.825
CRITICAL WRITING SEMINAR  FLOW  PSYCHOLOGY OF...,2.4625
CRITICAL WRITING SEMINAR  FOOD STUDIES,1.995
CRITICAL WRITING SEMINAR  INVESTMENT PHILOSOPHIES,3.0025
CRITICAL WRITING SEMINAR  ISP CRITICAL WRITING,2.01
CRITICAL WRITING SEMINAR  LIVING VIRTUALLY?,2.975
CRITICAL WRITING SEMINAR  REALITY,2.24
CRITICAL WRITING SEMINAR  STEWART-COLBERT,3.225
CRITICAL WRITING SEMINAR  STREET ART,2.22
CRITICAL WRITING SEMINAR  THE BUSINESS OF IMAGE,3.125
CRITICAL WRITING SEMINAR  THE POLITICS OF HOME,2.26
CRITICAL WRITING SEMINAR  THINGS MATTER,2.495
CSE STDY-AGGRESSIVE BEHAVIOR IN HEALTHCARE ASSESSMENT PREVENTION &TREATMENT,1.453333333
CULTURES OF THE BOOK,1.716666667
CUR SEM/AFRO-BRAZIL ART  Curatorial Seminar on Afro-Brazilian Art,3.25
CURR ISSUES GLOBAL HEALT,2.095
CYBERCULTURE,2.123333333
DANTE'S DIVINE COMEDY,2.276
DARWIN'S LEGACY,2.923333333
DATABASE & INFO SYSTEMS,2.28
DECIPHERING AMERICA,2.695
DECISION PROCESSES,2.078461538
DECISON PROCESSES,2.108333333
Decline and Fall of Great Powers,2.78
DESCENT WITH MODIFICATN,2.065
DESIGN FUNDAMENTALS 1,3.37
DESIGN FUNDAMENTALS I,3.73
DESIGN FUNDAMENTALS II,3.558571429
DESIRE AND DEMAND,1.69625
DEV TOOLS FOR DATA ANLYS  DEVELOPING TOOLS FOR DATA ACCESS AND ANALYSIS,3.365
DEVELOPMENT ECONOMICS,2.35
DEVELOPMENTAL BIOLOGY,2.7575
DIFFERENTIAL GEOMETRY,2.5
DIG AUDIO BASICS,1.38
DIGITAL DES FOUNDATIONS,2.371428571
DIGITAL DESIGN FOUNDATIONS,2.426
DIGITAL ILLUSTRATION,2.71
Digital Marketing and Electronic Commerce,1.77
DIGITAL PHOTOGRAPHY,2.375217391
Dilemmas in International Development,2.185
DISCRETE MATHEMATICS I,2.815
DISCRETE MATHEMATICS II,2.466666667
DISCRETE PROB & STAT INF,2.87
DISEASE & HUMAN EVOL,2.145
DISEASE & SOCIETY,2.6
DIVERSITY & THE LAW,1.562
DIVERSITY/TECH/PENN EXP  Diversity  Technology and the Penn Experience,1.656666667
DMD SENIOR PROJECT,3.364285714
DOCUMENTARY WRITING,2.866666667
DOSTOEVSKY,2.41
DRAMATURGY,1.5725
DRAWING I,2.469473684
DRUGS  BRAIN AND MIND,2.6575
DRUGS AND GANGS,1.98
DSG PRINCIPLE INFO SYST,2.623333333
DSGN OF MECHATRONIC SYS,3.705
DULLES 6,2.915
EARTH THROUGH TIME,2.596666667
East & West  A Hitchhiker's Guide to the Cultural History of the Mdrn World,2.223333333
EAST ASIAN GARDENS,1.535
ECOLOGY  INDIV TO ECOSYS,2.62
ECON & FIN HLTH CARE DEL,2.455
ECON & FINCING-HLTHCR DL,2.74125
ECON STATECRAFT WRLD POL,2.695
ECONOMETRIC FORECASTING,2.934
ECONOMETRICS,3.12
ECONOMIC ANALYSIS OF LAW,2.4075
ECONOMIC GROWTH,3.13
ECONOMIC HIST OF EURO I,2.65
ECONOMICS OF FAMILY,2.94
EDGAR ALLAN POE'S SCI,2.295
EGYPTIAN ARTIFACTS,2.68
ELEC CIR & SYS I LAB,2.015833333
ELEC CIR & SYS II LAB,2.656363636
ELEC CIRCUITS & SYS I,2.9775
ELEC CIRCUITS & SYS II,3.2975
ELEC SYSTEMS & MARKETS,1.435
ELECTRIC & MAGNETIC FLDS,3.3975
ELECTROMAGNETISM I,3.3575
ELECTRONIC MUSIC,1.415
EMBED SYS/MICROCONT LAB,3.47
EMERGENCE OF MODERN SCI,2.5175
EMERGING ECONOMIES,2.8925
ENABLING TECHNOLOGIES,2.067777778
ENERGY & ITS IMPACTS,2.525
ENERGY OIL&GLOBAL WARMIN,2.5525
ENERGY OIL&GLOBAL WARMIN  Energy  Oil  and Global Warming,2.613333333
ENERGY SYS  RES & TECH,2.407777778
ENG & THE ENVIRONMENT,1.838
ENG MECHANICS  DYNAMICS,2.732
ENG MICROBIAL SYSTEMS,2.67
ENG PRINC OF HUMAN PHYSI,3.1725
ENG RSCH-PREP/APP/METH,1.4325
ENGINEERING ETHICS,1.715
ENGINEERING PROBABILITY,3.41375
ENGINEERING STATISTICS,2.522
ENGR APPLIC OF STATISTIC,2.902222222
ENLIGHT/DECAD CHIN LIT,2.525
ENSEMBLE PERFORMANCE  JAZZ COMBO,1.76
ENSEMBLE PERFORMANCE  PENN BAROQUE&RECORDER,1.324444444
ENSEMBLE PERFORMANCE  PENN CHAMBER MUSIC SOC,1.645555556
ENSEMBLE PERFORMANCE  UNIV. CHOIR,1.985714286
ENSEMBLE PERFORMANCE  UNIV. CHORAL  SOCIETY,1.056666667
ENSEMBLE PERFORMANCE  UNIV. CHORALE SOCIETY,1.505
ENSEMBLE PERFORMANCE  UNIV. ORCHESTRA,1.4675
ENSEMBLE PERFORMANCE  UNIV. WIND ENSEMBLE,1.15
ENTREPR VENTR INITIATION,1.79
ENTREPRENEURIAL MKTG,1.15
ENTREPRENEURSHIP,2.127777778
ENVIRON. & ENERGY ECON,3.28
Environmental Case Studies,1.57
ENVIRONMENTAL GEOLOGY,1.416666667
ENVIRONMENTAL HISTORY,2.44
Environmental Studies Research Seminar for Juniors,1.574
ENVIRONMENTS AND HEALTH,2.755
ENVS SEMINAR  ENVIRONMENTAL POLICY,2.1
ENVS SEMINAR  Saving our Estuaries- Resources  Regulations  and Recovery,2.385
EPIGENETICS,2.753333333
EPIGENETICS OF HUMAN HEALTH AND DISEASE,2.4
EPISTEMOLOGY,2.495
EPISTEMOLOGY  KNOWLEDGE AND REALITY,2.79
ETH/SOC/PRO RES FOR ENG,1.83
ETHICS,3.017777778
EUR POST-1800  BF SEM  Classical Economists  From Smith to Marx to Keynes,3.04
EUR POST-1800  BF SEM  History of Classical Liberal Thought,3.4
EUR POST-1800  BF SEM  WORLD WAR I,3.435
EUR PRE-1800  BF SEM  UTOPIA,2.27
EURO ART & CIV > 1400  RENAISSANCE TO CONTEMP,2.45
EURO INT'L REL SINCE WWI,2.583333333
EURO INTELL HIST 18TH C,2.86
EURO ZONE CRISIS - THE EU IN A CURRENCY WAR FOR SURVIVAL?,1.955
EUROPE 1789-1914,2.366666667
EVIDENCED BASED CRIME AND JUSTICE POLICY,2.963333333
EVOL OF THE DINOSAURS,1.375
EVOLUTIONARY BIOLOGY,2.818
EVOLUTIONARY ECOLOGY,2.135
EVOLUTIONARY PSYCHOLOGY,2.6625
Executive Power in Metropolitan American Politics,3.13
EXPERIMENTAL PHYS CHEM I,2.96
EXPERIMENTAL WRITING SEM,2.052
EXPERIMTL ORGAN CHEM I,3.44
FAB & CHAR NANO DEVICES,2.845
Faculty-Student Collaborative Action Seminar in Urban Univ-Comm Relations,2.165
Faculty/Student Collaborative Action  Seminar in Urban Univ/Comm Relations,1.823333333
FICTION WRITING WORKSHOP,2.207777778
FIELD METH OF SOC RES,2.5175
FIELDWORK,2.1765
FIGURE DRAWING I,2.0675
FIGURE SCULPTURE I,1.47
FILM IN RESIDENCE  FILM CULTURE IN RESIDENCE,1.096666667
FILM IN RESIDENCE  Film Culture in Residence,0.958
FILM IN RESIDENCE 2012/13  PROOF OF PHILADELPHIA,1.4
FIN & ECON TIME SERIES,2.77
FIN.STM ANAL&REP.INCENT,2.752857143
FINANCIAL ACCOUNTING,2.785
FINANCIAL ACCOUNTING I,3.008333333
FINANCIAL ACCOUNTING II,2.791538462
FINANCIAL DERIVATIVES,3.332666667
FIXED INCOME SECURITIES,3.358
FLUID MECHANICS,3.1275
FNCE IN MID EAST & N AFR,2.075
FNCE OF BUYOUTS & ACQS,2.81
FNDMTL SOLID STATE CRCT,2.8275
FOOD AND CULTURE,2.945
FOOD HABITS IN PHIL COMM  Food Habits in Philadelphia Communities,1.856666667
FOOD IN ISLAMIC MID EAST,1.95
FOOD/FEAST ARCH OF TABLE,2.146666667
FORECASTING METHODS MGMT,2.51
FORENSIC MENTAL HEALTH,1.551111111
FORENSIC NEUROSCIENCE,2.22
FORENSIC NEUROSCIENCE  Forensic Neuroscience & Brain Imaging,1.655
FORMAL LOGIC I,3.484
FORMAL LOGIC II,3.58
FORMAL SEM AND COG SCI,2.89
FOUNDA OF PUBLIC HEALTH,2.323333333
FOUNDERS 12,2.79
FOUNDERS 14,3.076
FOURIER ANALYS & APPL,3.416666667
FR CIV FROM BEG TO 1789,2.3375
FR LIT IN TRANSLATION  THE NOVEL & MARRIAGE,1.9725
FR SEM  WORLD AFTER 1800  AFRICA IN WORLD HISTORY,2.143333333
FRANCE & THE EUROP.UNION,2.616666667
FRANCOPH PSTCOLNL CULTRS,2.35
FRANKLIN COMMUNITY SEM,1.075714286
FREEDOM  Freedom  What is it  how to measure it  how it affects policy making,2.5
FREEDOM OF EXPRESSION,2.96
FRESH SEM  AME POST-1800  HUMAN NATURE AND HISTORY,2.466666667
FRESH SEM  EUR PRE-1800  DREAM IN JEW CULT & TRAD,2
FRESHWATER ECOLOGY,2.922857143
FREUD,2.325
FRIENDS HOSPITAL,1.93
FROM ALCHEMY TO NANOSCI  From Alchemy to Nanoscience  A History of Chemistry,1.84
FROM GUTENBERG TO GOOGLE,2.356666667
FUNDAMENTALS OF BIOTECH,2.505
FUNDAMENTALS OF NUTRITION,2.236363636
FUNDMTLS OF EPIDEMIOLOGY,2.565
GAME THEORY,2.860555556
GAMIFICATION FOR BUS,1.046666667
GEN CHEM LAB 1,2.294
GEN CHEM LAB 1  GEN CHEM LAB 1,2.453333333
GEN CHEM LAB I,2.446666667
GEN CHEM LAB II,2.619090909
GEN.PHYS MECH HEAT SOUND,2.95
GEN.PHYS MECH HEAT SOUND  General Physics  Mechanics  Heat and Sound,2.825
GEN.PHYS. EM OPTICS MODP,3.33375
GEN.PHYS. EM OPTICS MODP  General Physics  Electromagnetism  Optics  and Modern Physics,3.28
GENDER & SEXUALITY JAPAN,2.705
GENDER & SOCIETY,2.038
GENDER AND HEALTH,2.34
GENERAL CHEMISTRY I,3.328648649
GENERAL CHEMISTRY II,3.355121951
GENETIC BASIS OF BEHAV,3.13
GENOME SCI & GENOMIC MED,2.73
GENOMICS OF HUMAN DISEASE AND EVOLUTION,2.665
GIRARD M.C. (NORTH PHILA. HEALTH SYSTEM),1.46
GIS MAP PLAC & ANALY SPA  GIS MAPPING PLACES & ANALYZING SPACES,2.125
GLENN LIGON AT ICA,2.665
GLOBAL & INT'L POLITIC,2.41
GLOBAL CLIMATE CHANGE,2.816
GLOBAL FOOD SECURITY,1.2
GLOBAL FOOD SECURITY FOR TEN BILLION,1.85
GLOBAL JUSTICE,2.825
GLOBAL MONETARY AND FINANCIAL INSTITUTIONS  THEORY AND PRACTICE,2.175
GLOBAL MONETARY AND FINANCIAL STABILITY POLICY,2.365
GLOBAL WAR ON TERROR,2.28
GLOBALIZATION  Globalization  Causes & Effects,1.98
GLOBALIZATION & HEALTH,2.63
GLOBALIZATION & THE CITY,2.3775
Globalization and its Historical Significance,2.094545455
GLOBALIZING EAST ASIA,2.07
GOSPEL MUSIC,2.395
GRAPHIC DESIGN PRACTICUM,2.46
GREAT BOOKS OF JUDAISM,2.263333333
GREAT DISCOV ARCHAEOLOGY,1.975
GREAT TRANSFORMATIONS,2.0875
GREEK & ROMAN MEDICINE,2.305
GREEK & ROMAN MYTHOLOGY,2.234
GREEK ARCH & URBANISM,2.58
GREEK ART AND ARTIFACT,2.495
GREK&ROM MAGIC,2.635
GRK WRLD AFTER ALEX GRT,2.665
GROUP DYNAMICS,2.21
HANDSCHRIFT-HYPERTEXT,2.165
HASKELL,2.8975
HAYDN/MOZART,2.115
HC MGMT&STRAT,2.427142857
HC QUALITY & OUTCOMES,2.866
HEALTH & SOCIAL POLICY,1.903333333
HEALTH & SOCIETIES,2.546
HEALTH CARE SYSTEMS,2.566666667
HEALTH INS & HC STRATEGY,2.425
HEALTH OF POPULATIONS,2.31
HEALTH OF POPULATIONS  The Health of Populations,1.85
HEALTH POLICY  HEALTH CARE REFORM AND THE FUTURE OF THE AMERICAN HEALTH SYSTEM,2.596666667
HEALTHY SCHOOLS,2.208333333
HEAT & MASS TRANSPORT,3.568
HEAT/MASS TRANSFER,2.954
HINDU MYTHOLOGY,2.005
HISPANIC THEATER,2.253333333
HIST ANCIENT PHILOSOPHY,2.51
HIST EGYPT NEW KINGDOM,2.235
HIST FOREIGN AID IN AFRC,2.113333333
HIST MID EAST SINCE 1800,2.4325
HIST OF AMER LAW TO 1877,2.495
HIST OF MOD BUS. CORP,2.19
HIST OF SEXUALITY IN US,2.453333333
HIST OF SPANISH LANGUAGE,2.11
HIST PHYS SCI 19&20TH C,2.2425
History  Historical Practice  and Historiography,3.233333333
HISTORY AND THEORY II  CULTURAL ECOLOGY,2.37
HISTORY OF AMERICAN LAW,2.664
HISTORY OF BIOETHICS,2.136666667
HISTORY OF ENGLISH LANG,1.79
HISTORY OF GLOBALIZATION,2.116666667
HISTORY OF MODERN CHINA,2.2175
HISTORY OF MODERN PHILOS,2.594
HISTORY OF OPERA,2.1275
HISTORY OF OPERA  STAGE  SCREEN  RECORDING,1.525
HOMELESSNESS & URBAN INEQUALITY,2.085
HONORS & CAPSTONE THESIS,2.835
HONORS CALCULUS,3.4625
HONORS CALCULUS (CONTINUATION),3.455
HONORS CALCULUS II,3.05
HONORS CHEMISTRY I,3.0675
HONORS CHEMISTRY II,3.171428571
HONORS PHYSICS I,3.62
HONORS PHYSICS II,3.526
HONORS SEMINAR,3.008888889
HUMAN ANATOMY & PHYSIOLOGY-PART A,3.33
HUMAN ANATOMY & PHYSIOLOGY-PART B,3.53
HUMAN BRAIN IMAGING  Functional Imaging of the Human Brain,1.832
HUMAN CHRONOBIOL & SLEEP,1.952
HUMAN DEVELOPMENT,2.56
HUMAN RIGHTS,2.392
HUMAN RTS&GLOBALIZATION,2.282857143
HUMANS & THE ENVIRONMENT,2.603333333
HUMANS IN MICROBIAL WRLD,2.113333333
IDEAS IN MATHEMATICS,2.2225
IMAGE AND SOUND EDITING,2.87
IMMIGRANT URBAN LABOR IN THE U.S.,1.785
IMPACT INVESTING,1.9
IMPRESSIONISM,2.6
IND STUDY IN BE,2.624
INDEPENDENT STUDY  GLOBAL SUPPLY CHAIN MGMT IN CHINA,2.3
INDIA  CULTURE & SOCIETY,2.37
INDIAN FOLKLORE,1.83
INDUS REL & HUM RES MGMT,2.089047619
INDUST ORGANIZATION,2.196666667
INDUSTRIAL METROPOLIS,2.5875
INDUSTRIAL ORGANIZATION,2.828333333
INFECTIOUS DISEASES,1.085
INFO STRAT&ECON,2.3275
INORGANIC CHEMISTRY I,3.22
INORGANIC CHEMISTRY II,2.824
INSIDE INDIAN BUSINESS,2.1
INT'L BUSINESS ETHICS,1.935
INT'L COMPARATIVE MGMT.,2.183333333
INT'L HOUSING COMPARISNS,2.28
INT'L LAW & INSTITUTIONS,2.51
INT'L REAL EST COMPARISN,2
INT'L REL OF SOUTH ASIA,2.76
INTEGRATED HUMAN ANATOMY  PHYSIOLOGY & PHYSICAL ASSESSMENT I,3.82
INTEGRATED HUMAN ANATOMY  PHYSIOLOGY & PHYSICAL ASSESSMENT II,3.754285714
INTEGRATED PATHOPHYSIOLOGY  PHARMACOLOGY  AND THERAPEUTICS,3.143333333
INTEGRATED STUDIES I  IDENTY INHERIT CHANGE,3.01
INTEGRATED STUDIES I  KNOWING,2.84
INTEGRATED STUDIES I  REPRESENTATIONS OF REALITY,2.82
INTEGRATED STUDIES II  ORDERS AND ORIGINS,2.8
INTEGRATED STUDIES II  REALITY,2.94
INTEGRATED STUDIES II  THE ORDER OF THINGS,3.3
INTEGRATED STUDIES II  THINKING,3.03
INTERFACING CULTURES  DESIGNING FOR MOBILE  WEB AND PUBLIC MEDIA,1.86
INTERMED LATIN  POETRY,2.41
INTERMED MACROECONOMICS,2.958888889
INTERMED MICROECONOMICS,3.281111111
INTERMEDIATE FRENCH I,2.155
INTERMEDIATE HINDI II  Intermediate Hindi Part II,2.45
INTERMEDIATE SITAR I,1.81
INTERMEDIATE SITAR II,1.585
INTERNATIONAL BANKING,3.005
INTERNATIONAL CORP FINAN,2.844444444
INTERNATIONAL ECONOMICS,2.970909091
INTERNATIONAL FINANCE,2.744285714
INTERNATIONAL POL ECON,2.53
INTERNATIONAL POL ECON.,2.96
INTERNATIONAL SECURITY,2.716
INTERNATIONAL TRADE,2.56
INTERNET LAW & POLICY,2.413333333
INTL FINANCIAL MARKETS,2.977222222
INTL POLITICS MIDD EAST,3.265
INTRO ADV LATIN LIT,2.4
INTRO AFRICANA STUDIES,2.0725
INTRO AMER/BRIT FLM/MED  HOLLYWOOD FILM INDUSTRY,1.98
INTRO ARTIFICIAL INTELL,2.636
INTRO ASTROPHYSICS I,2.825
INTRO ASTROPHYSICS II,2.376
INTRO BIO-MOLEC BIO LIFE,3.313333333
INTRO BIOLOGY A,3.235
INTRO BIOLOGY B,3.141818182
INTRO BUDDHISM,2.256
INTRO BUSINESS STAT,3.077659574
INTRO CLASS CHINESE THGT,2.643333333
INTRO COGNITIVE SCIENCE,2.0475
INTRO ECON MICRO,2.745
INTRO FILM FORM CONTEXT,1.82
INTRO GREEK ARCHAEOLOGY,2.25
INTRO JEWISH MYSTICISM,2.505
INTRO JOURNALISTIC WRIT,2.25
INTRO JOURNALISTIC WRIT  ENTREPRENEURIAL JOURNAL,1.515
INTRO LAT AM & LATINO ST,1.946666667
INTRO LIGHT SET COSTUME,2.6375
INTRO LITERARY ANALYSIS,2.60125
INTRO LITERARY THEORY,2.512
INTRO NANOSCALE MATL,3.678
INTRO NETWRKS & PROTOCOL,2.54
INTRO ORGANISM BIOL. LAB,2.278888889
INTRO POSITIVE PSYCH,2.426666667
INTRO POSTCOLONIAL LIT,2.87
INTRO QUANT MECH,3.155
INTRO ROMAN ARCHAEOLOGY,2.39
INTRO SCIENTIFIC COMP,2.786666667
INTRO SOC RESEARCH,2.193333333
INTRO SOCI RESEARCH,1.98
INTRO THEORY&MUSCIANSHP  Making Sense of Music,2.3325
INTRO THEORY&MUSICIANSHP  Making Sense of Music,2.39
INTRO TO AFRO-AMER POL,2.266666667
INTRO TO ALGORITHMS,3.68
INTRO TO AMER POLITICS,2.485
INTRO TO ANC NEAR EAST,2.115
INTRO TO ARCHAEOLOGY  LECTURE,1.74
INTRO TO ART  Spiegel Contemporary Art Freshman Seminar,1.97
INTRO TO ASIAN AMER HIST,2.04
INTRO TO BIOENG II,1.775
INTRO TO BIOENGINEERING,1.098571429
INTRO TO BIOMECHANICS,2.795714286
INTRO TO BIOTECHNOLOGY,3.37
INTRO TO BIOTRANS PROCES,3.382
INTRO TO BRAIN & BEHAV,3.23
INTRO TO BUSINESS ECONOM,2.61
INTRO TO CHEMICAL ENG,3.398
INTRO TO CHINESE CIVILIZ,2.3175
INTRO TO COMP GRAPH TECH,3.514
INTRO TO COMP PROG,3.259545455
INTRO TO COMP SYSTEMS,3.452857143
INTRO TO COMPUTATIONAL BIOLOGY & BIOLOGICAL MODELING,2.753333333
INTRO TO DEMOG METHODS,2.81
INTRO TO DIRECTING,2.133333333
INTRO TO DYNAMIC SYSTEMS,3.2075
INTRO TO ECON FOR BUS,2.645
INTRO TO ENGINEERING,2.114
INTRO TO ENVIR DESIGN  PEOPLE & DESIGN,1.952
INTRO TO ETHNOMUSICOLOGY,2.305
INTRO TO EURO ART MUSIC,2.553333333
INTRO TO EXP PSYCH,2.097692308
INTRO TO EXP PSYCH  Introduction to Experimental Psychology BFS Seminar,1.105
INTRO TO FILM THEORY,2.19
INTRO TO FLIGHT,2.856666667
INTRO TO FOLKLORE,1.856666667
INTRO TO FORMAL LING,2.156666667
INTRO TO GEOLOGY,2.5825
INTRO TO GERMAN CULTURE,2.113333333
INTRO TO HUMAN EVOLUTION  Introduction to Human Evolution,2.265
INTRO TO HUMAN EVOLUTION  LECTURE,2.07
INTRO TO INTL RELATIONS,2.7575
INTRO TO ISLAMIC LAW,3.165
INTRO TO JAPANESE CIVIL,2.221428571
INTRO TO KOREAN CIV,2.43
INTRO TO LANGUAGE CHANGE,1.91
INTRO TO LAW & LEG PROC,2.684754098
INTRO TO LINGUISTICS,2.173333333
INTRO TO MACRO,2.691764706
INTRO TO MANAGEMENT,2.254671533
INTRO TO MARKETING,2.436704545
INTRO TO MECH DESIGN,2.629
INTRO TO MECHANICS,3.136
INTRO TO MECHANICS LAB,2.11
INTRO TO MED ANTHRO,2.1325
INTRO TO MED ARCHAEOLOGY,2.3625
INTRO TO MED IMAGING,2.94
INTRO TO MGMT SCIENCE,2.703333333
INTRO TO MICRO,2.73
INTRO TO MIDDLE EAST,2.218
INTRO TO MODERN INDIA,2.2
INTRO TO NANOTECHNOLOGY,1.525
INTRO TO NETWRKS & SEC,2.695
INTRO TO OPS & INFO MGMT,3.33
INTRO TO OPS & INFO MGMT  Introduction to Operations and Information Management,2.70875
INTRO TO OPS & INFO MGMT  Introduction to Operations and Information Mangement,2.72
INTRO TO PHILOSOPHY,2.323846154
INTRO TO PHOTOGRAPHY,2.645
INTRO TO POLITICAL COMM,3.52
INTRO TO PRINT CULTURE,2.575
INTRO TO PROCESS DESIGN,2.51
INTRO TO QM II,3.204
INTRO TO QUEER STUDIES  Introduction to Queer Studies,1.97
INTRO TO SOCIOLING,1.996
INTRO TO SOCIOLOGY,2.115
INTRO TO SPEECH ANALYSIS,2.0525
INTRO TO THE BIBLE,1.65
INTRO. MOLEC. BIOL. LAB,2.255
INTRO. TO LITERARY STUDY  DANGEROUS WRITERS,2.515
INTRODUCTION TO ACTING,1.580740741
INTRODUCTION TO AFRICA,2.17
INTRODUCTION TO CALCULUS,2.7545
INTRODUCTION TO COMPUTERS IN ARCHITECTURE,2.786666667
Introduction to Environmental Earth Science,2.9475
Introduction to Geotechnical Science,1.65
Introduction to German Literature,2.316666667
Introduction to Indian Philosophy,2.305
Introduction to Journalistic Writing   Writing about Food,2.676666667
INTRODUCTION TO MICROBIOLOGY AND HUMAN BIOCHEMISTRY,3.26
Introduction to Modern India,1.94
INTRODUCTION TO MUSEUMS,2.473333333
INTRODUCTION TO OM,2.72625
INTRODUCTION TO OM  Introduction to Operations Management,2.695
INTRODUCTION TO RELIGION,1.88
INTRODUCTION TO STATISTICS,1.933333333
INTRODUCTION TO SYNTAX,2.608
Introduction to the New Testament,1.905
INTRODUCTION TO THEATRE,1.335
Introduction to Western Art & Civilization  Origins to Renaissance,2.64
INTRODUCTORY STATISTICS,2.600357143
INVESTMENT MANAGEMENT,2.930526316
IPHONE APP DEVELOPMENT,2.34
IRAN CINEMA GEND/POL/REL,1.35
IRISH LITERATURE  MODERN IRISH LITERATURE,2.715
ISLAM & SOC'TY IN AFRICA,2.123333333
ISLAM IN MODERN WORLD,2.556666667
ISSUES IN NUTRITION  EXERCISE AND FITNESS,2.076666667
ITAL CONVER IN RESIDENCE,0.9
ITAL HIST 1789-PRESENT,2.28
ITALIAN HIST ON SCREEN,1.645
ITALIAN LITERATURE,2.094
J W SCHOLAR SR RES SEM,1.871111111
JAPAN AGE OF THE SAMURAI,2.115
JAVASCRIPT,2.13
JAZZ  STYLE AND HISTORY  JAZZ IS A WOMAN.,2.05
JAZZ STYLE AND HISTORY,1.615
JEWISH FOLKLORE,2.1875
JEWISH HUMOR,2.022
JEWS & JUDAISM IN ANTQTY,2.6
JEWS IN THE MODERN WORLD,2.3025
JOURNALISM & PUBLIC SERV,2.285
JR YR BRUNNER ITC MODULS,2.855238095
JUDGMENT AND DECISIONS,2.228
JUNIOR HONORS IN HISTORY,2.825
JUNIOR HONORS IN HISTORY  AMERICAN HONORS,2.89
JUNIOR HONORS IN HISTORY  EUROPEAN/WORLD HONORS,2.94
JUSTICE,2.565
JUSTICE  LAW & MORALITY,2.426666667
KIRKBRIDE TREATMENT CENTER,1.835
LAB IN MOD PHYS,2.7
LABOR ECONOMICS,2.465714286
LABORATORY,2.732617284
LABORATORY  MED MODULES 12-3PM   N215 SIM 4-7PM,3.2925
LABORATORY  MED MODULES 4-7PM   N215 SIM 8-11AM,3.107142857
LABORATORY  MED MODULES 8-11AM   N215 SIM 12-3PM,3.175
LAND OF THE PHARAOHS,2.1775
LANG STRUCT & VERBAL ART,1.48
LANGUAGE ACQUISITION,2.4375
LANGUAGE AND GAME THEORY,1.3625
LANGUAGE AND THOUGHT,2.63
LATE IMPERIAL CHINA,2.08
LATIN AMER 1791-PRES,2.1525
LATINA/O LITERATURE,2.18
LATINOS IN UNITED STATES  Latinos in the United States,1.976666667
LAW & ECONOMICS,2.7775
LAW & POL IN INT'L BUS,2.735
LAW & SOCIETY,1.94
LAW AND CRIMINAL JUSTICE,1.814
LAW AND ECONOMICS,2.78
LAW AND SOCIAL CHANGE,2.038
LAW AT WORK  EMP LAW MGR,1.634
LAW OF CORP MGMT & FNCE,2.4675
LAW SOC POL SEX REPRO  Women  Gender  Sexuality and the Law,1.6225
LDERSHP & COMMUN IN GRPS,2.655
LDERSHP & COMMUN IN GRPS  LECTURE,2.644324324
LDRSHIP COMM IN GRPS,2.765
LEADERSHIP IN THE COMPLEX HEALTHCARE SYSTEM,2.675
LEARNING AND MEMORY,2.905
LECTURE,2.613666667
LECTURE  Advanced Synthesis and Spectroscopy Lab,2.815
LECTURE  GEN CHEM LAB 1,2.675
LEG ASP ENTREPRENSHIP,2.3325
LIFE AND DEATH OF STARS,2.83
LINEAR ALGEBRA,2.710555556
LINGUISTIC FIELD METHODS,3.48
LINUX/UNIX SKILLS,1.93
LITERARY GENRES  TRAGEDY,2.345
LITERATURE AND LAW,2.51
LITERATURE BEFORE 1660,2.462222222
LITERATURE OF SUCCESS,2.795
LITERATURE OF SUCCESS  Literature of Success  Ethical and Historical Perspectives,2.966666667
LITERATURES OF JAZZ,2.285
LOGIC & FORMAL REASONING,2.08
LSMP CAPSTONE,3.719230769
LSMP PROSEMINAR,2.105
MACH DESIGN & MANUFACT,2.95
MACRO-MODELING,2.7275
MACRO&NANO-SCALE MATLS,3.068
MADNESS & MADMEN,1.97
Madness and Madmen in Russian Culture,1.785
MAJ SEM WORLD AFT 1800  GLOBALIZATION FIRST WAVE,2.335
MAJ SEM WORLD AFT 1800  HISTORY OF TRADE,2.505
MAJOR SEM  AMER PRE-1800  EARLY AMERICAN STUDIES,2.17
MAJOR SEM AMER POST-1800  MEDIA IN AMERICAN HIST,2.95
MAJOR SEM EUR POST-1800  Ethnic Cleansing in Modern Europe,2.5
MAJOR SEM EUR POST-1800  HISTORY AND LITERATURE,2.153333333
MAJOR SEM EUR POST-1800  WWII IN FILM & FICTION,2.125
MAKG SENSE OF MUS INTRO,2.454444444
MAKING AND BREAKING EUROPEAN HEGEMONY,2.38
MAKING OF MODERN WORLD,2.07
MANAGEMENT INFO SYSTEMS,2.57
MANAGEMENT OF TECHNOLOGY,2.49
MANAGERIAL ACCOUNTING,2.693333333
MANAGERIAL ECONOMICS,3.186153846
MANAGERIAL ECONOMICS  Honors,2.996666667
MARINE BIOLOGY,2.46
MARKET DESIGN,2.76
MARKETING RESEARCH,2.528888889
MARKETING STR,2.4125
MARKETING STRATEGY,2.287142857
MARKETS MORALITY&CAPITAL,2.663333333
MARKETS WITH FRICTIONS,3.248
MARX,2.306666667
MASS MEDIA & SOC,2.9
MASTERPIECES OF FR CINEM,1.89
MATERIAL&ENERGY BALANCES,2.6975
MATERIALS SELECTION,1.798
MATH FOUND COMP SCI,3.345555556
MATH IN AGE OF INFO  Math in the Media,2.255
MATHEMATICAL STATISTICS,2.79
MEAM LAB I,2.5175
MECH ENG DESIGN PROJECTS,2.76
MECH PROP NANO/MACRO,3.4925
MECHANICS OF SOLIDS,3.036
MED & EARLY MOD JEWRY,2.55
MED MISSIONARIES & PARTN,1.575
MEDIA ACT& SOC CHANGE,2.41
MEDIA ACTIVISM STUDIES,1.47
MEDIA AND POLITICS,2.425
Media City  New Lifestyles/New Forms,2.57
MEDICAL DEVICES,2.047142857
MEDICAL SOCIOLOGY,2.108
MEDICINE AND DEVELOPMENT,2.9975
MEDICINE IN HISTORY,2.4375
MEDIEVAL LITERATURE,2.1
Medieval Russia  Origins of Russian Cultural Identity,2.03
MENTAL ILLNESS,1.986666667
MERGERS & ACQUISITIONS,2.38
METROPOLITAN NATURE,2.195
MGMT&ECONOFPHARMA BIOTEC,2.696
MICROBIAL DIVERSITY & PATHOGENESIS,2.81
MICROBIOLOGY,3.251666667
MIDEAST THRU MANY LENSES,2.12
MIGRATION & MIDDLE EAST,2.346666667
MIME & MOVEMENT  MOVEMENT FOR THE ACTOR,1.098
MIXED MEDIA ANIMATION,3.007777778
MKT/SOC SYS ON INTERNET,2.044
MOD BIOL & SOC IMPLICATI,1.886666667
MOD HEB LIT & CULT TRANS  Fantasy Dream and Madness in Israeli Literature and Film,1.85
MOD HEB LIT & CULT TRANS  FIRST ISRAELI WRITERS,1.92
MOD ITALIAN CULTURE  Blood  Sweat & Pasta  Ital-American Represen in American Popular Culture,1.96
MOD JEW INTEL & CULT HIS,2.51
MOD MIDEAST LIT IN TRANS,2.541578947
MODELS FOR MKTG STRATEGY,2.37
MODERN AMERICA,2.435
MODERN AMERICAN CULTURE,2.395
MODERN ARCH 1900-PRESENT,2.73
MODERN ARCHITECTURE II,2.815
MODERN FRANCE  1789-1945,2.319411765
MODERN JAPANESE HIST,2.15
MODERN JAPANESE HISTORY,2.215
MODERN KOREA,2.41
MODERN OPTICS,3.22
MODERN POLITICAL THOUGHT,2.574
MODERN REGRESSION,2.973333333
MODERNISMS & MODERNITIES,2.625
MOLEC GENETICS,3.003333333
MOLEC MECH INFECT DISEAS,2.928
MOLEC. BIOL. & GENETICS,3.35375
MOLECULAR AND CELLULAR NEUROBIOLOGY,3.52625
MOLECULAR PHYSIOLOGY,2.51
MONETARY & FISCAL POLICY,3.405
MONETARY ECON & GLOB ECO,2.970701754
MONETARY ECONOMICS,2.846666667
MONEY AND BANKING,3.246
MONEY AND MARKETS,2.645
MONSTERS OF JAPAN,1.7
MORPHOLOGICAL THEORY,2.866666667
MORPHOLOGY THEORY II,3.07
MULTINATIONAL MANAGEMENT,2.85875
MULTINATIONAL MARKETING,1.555
MULTINATL CORP STRATEG,2.003333333
MURAL ARTS,2.71
MUSIC & THE BRAIN,1.443333333
MUSIC AND BODIES,2.145
MUSIC AND LITERATURE  Sound of Poetry  the Poetry of Sound  from Homer to Langston Hughes,2
MUSIC AND LITERATURE  SOUNDING POETRY,2.11
MUSIC AND TECHNOLOGY,1.813333333
MUSIC CULT N INDIA & PAK  Musical Cultures of North India and Pakistan,2
MUSIC IN URBAN SPACES,1.916
MUSIC OF AFRICA,1.98
MUSICAL LIFE IN AMERICA,1.775
MYTHOLOGY & THE MOVIES,1.925
MYTHS & RELIG ANC WORLD,2.18
NANO-SCALE MATERIALS LAB,3.525714286
NAPOLEONIC ERA & TOLSTOY,2.555
NARRAT ACROSS CULTURES,2.205
NARRATIVE ANALYSIS,1.763333333
NAT DISTURB & DISASTERS,2.455
NATIONS  POL AND MARKETS,2.626666667
NATIVE AMERICAN LIT,2.713333333
NATIVE AMERICAN REL/LIT,2.445
Native American Spirituality  Health  and Contemporary Concerns,1.995
NATIVE PEOPLES & ENVIRON,2.35
Natural Disturbances and Human Disasters,2.483333333
NEGOTIATION/CONFLICT RES,2.123846154
NEGOTIATIONS,1.997878788
NEIGHBRHD DYN. OF CRIME,2.128
NETWORKED LIFE,2.1375
NEURAL SYSTEMS AND BEHAVIOR,3.366666667
NEURAL SYSTEMS BEHAVIOR,3.01
NEUROBIOL LEARN & MEMORY,2.633333333
NEUROBIOLOGY OF BEHAVIOR,2.75
NEURODEGENERATIVE DISEAS,2.635
NEUROECONOMICS,2.73
NEUROENDOCRINOLOGY,3.07
NEUROLAW,1.615
NEW PRODUCT DEVELOPMENT,2.09
NEW PRODUCT MANAGEMENT,1.898888889
NIETZSCHE'S MODERNITY,2.39
NON-PROFIT COMM STRATEGY,2.35
NONPROFIT SECTOR  ECONOM,2.153333333
NORRISTOWN STATE HOSPITAL,2.2
NUM. METHODS FOR MACRO,3.6075
NUMBER THEORY,2.8
NURSING CARE OF THE OLDER ADULT  THEORY/CLINICAL,3.066
NURSING CARE OF YOUNG & MIDDLE AGED ADULT  THEORY/CLINICAL,3.337272727
NURSING HONORS RESEARCH PROJECT,1.66
NURSING IN THE COMMUNITY,2.03
NURSING IN THE COMMUNITY  CLINICAL,1.896969697
NURSING IN THE COMMUNITY  THEORY,2.114285714
NURSING OF CHILDREN  THEORY/CLINICAL,2.896923077
NURSING OF OLDER ADULTS,2.8
NURSING OF THE CHILDBEARING FAMILY  THEORY/CLINICAL,2.788
NURSING OF WOMEN AND INFANTS,2.561428571
NURSING OF YOUNG AND MIDDLE AGED ADULTS,3.455714286
NUTRITION  SCIENCE & APPLICATIONS,2.338846154
NUTRITION THROUGHOUT THE LIFE CYCLE,1.86
NUTRITIONAL ANTHROPOLOGY,1.788
NUTRITIONAL ASPECTS OF DISEASE,2.785
OCEAN-ATMOSPH DYNAMICS,3.09
Ocean-Atmosphere Dynamics and Implications for Future Climate Change,3.445
OCEANOGRAPHY  Oceanography  Oceans & Climate,2.372857143
OLD ENGLISH,2.765
OLDER WOMAN CLINICAL  FOULKEWAYS - GWYNEDD MERCY,1.5
OLDER WOMAN CLINICAL  PENNSWOOD - BUCKS COUNTY PA,1.4
OLDER WOMAN CLINICAL  WEST PHILADELPHIA COMMUNITY SENIOR CENTER,1.075
OPEN BOOK,2.855
OPTIMIZATION OF SYSTEMS,2.147777778
ORG CHEM II  CHEM BIOL  Organic Chemistry II  Principles of Organic Chemistry with applications in,3.71
ORGANIC CHEMISTRY I,3.688
ORGANIC CHEMISTRY II,3.653
ORGANIC MECHANISMS STRUC,3.28
ORGANIC REACTIONS,3.18
ORGANIZATIONAL BEHAVIOR,1.68
ORIGIN & CULTR OF CITIES,2.173333333
OTTOMAN TURKISH I,2.2
PA HOSPITAL - SPRUCE 4,2.756666667
PA HOSPITAL - SPRUCE 4/6,1.625
PA HOSPITAL - SPRUCE 6,1.9
PALEONTOLOGY,1.96
PARIS IN FILM,1.833333333
PATHOPHYSIOLOGY  PHARMACOLOGY  AND THERAPEUTICS,3.45
PAUL STRAND CURATORIAL SEMINAR,2.33
PEDIATRIC NURSING,3.28
PEER TUTOR TRAINING,2.035
PEER TUTOR TRAINING  PEER TUTOR TRAINING,1.83
PENN FLUTES,1.555
PERCEPTION,2.5025
PERF. ARTS CRITICISM  ART REVIEWING/CRITICISM,1.653333333
PERFORM ARTS SOUTH ASIA,1.8675
PERSONALITY & INDIV DIFF,2.715
Personality and Individual Differences,2.665
PERSONNE/HUM RES MGMT,2.303333333
PERSP ON URBAN POVERTY,2.253333333
PERSP SPAN/SPANAM LIT,2.43
PERSPCT IN FRENCH LIT,2.173333333
PERSPCT IN FRENCH LIT  THE INDIVIDUAL & SOCIETY,2.1325
PERSUASION & COMM,2.798
PHASE TRANSFORMATIONS,2.922
PHIL & VISUAL PERCEPTION,3.03
PHIL OF LANGUAGE,3.105
PHIL OF SCIENCE,2.596666667
PHIL OF SCIENCE  PHILOSOPHY OF PHYSICS,2.62
PHIL OF SOCIAL SCIENCE,2.552
PHIL OF SPACE & TIME,2.176666667
PHILADELPHIA 1700-2000,2.44
PHILOS  POLITICS & ECON  CONCEPTIONS OF EQUALITY,2.806666667
PHILOS  POLITICS & ECON  Globalization and Corruption,3.21
PHILOS  POLITICS & ECON  Role of Cognitive Frames in Societal Rigidity & Change  Economist's Perspec,2.28
PHILOS  POLITICS & ECON  The Moral Foundations of Globalization,2.855
PHILOS  POLITICS & ECON  Topics in Economics and Psychology  Fairness,2.067142857
Philosophical Problems of Journalism,2.363333333
PHILOSOPHY OF BIOLOGY,2.42
PHILOSOPHY OF ECONOMICS,2.163333333
PHILOSOPHY OF MIND,2.301666667
PHOTOGRAPHS AND STORIES  WRITING FROM PHOTOGRAPHS,2.74
PHOTOGRAPHY AND FICTION,2.985
PHOTOGRAPHY PRACTICES,2.16
PHYS FOR ARCHITECTS I,2.785
PHYS FOR ARCHITECTS II,2.255
PHYS MODELS BIO SYSTEMS  Physical Models of Biological Systems,3.3
PHYS/MODELS SEMICON DEV,3.1
PHYSICAL CHEMISTRY I,3.5075
PHYSICAL CHEMISTRY II,3.263333333
PHYSIOLOGY MOTIVATED BEH,3.05
PLANNING TO BE OFFSHORE,1.395
PLATO,2.403333333
PLAYWRITING WORKSHOP,1.8325
Poetics of Screenplay  The Art of Plotting,1.123333333
POETRY WRITING WORKSHOP,2.082857143
POL & SOC ENVIRON OF MM,2.125
POL CHG IN 3RD WRLD,2.48
POL IN CONTEMP MID EAST,2.8
POL&PWR/POLICY MKG IN DC,2.58
POLARIZATION,3.04
POLICY MUSEUMS&CUL HERIT,2.115
POLICYMAKING IN THE US,1.94
POLITENESS AND STRATEGIC  Politeness and Strategic Interaction,1.725
POLITICAL ECONOMY,2.41
POLITICAL SCIENCE HONORS,1.945
POPULATION & SOCIETY,2.0275
PORTRAITS RUSS SOCIETY,2.2975
PORTRAITS SOV SOCIETY,2.43
POST INDUSTRIAL CITY  Media City  New Lifestyles/New Forms,3
POST INDUSTRIAL CITY  Media City -- New Lifestyles  New Forms,2.4
POVERTY RACE AND HEALTH,1.975
PRECEPTORSHIP IN CLIN BE,1.774
Prehistory to Renaissance  Intro to Western Art from its Beginning to 1400,3.01
PRESBYTERIAN MEDICAL CENTER,1.885
PRESBYTERIAN MEDICAL CENTER - ACE UNIT,2.04
Prevention of Tobacco Addiction in Pre-Adolescent Children of Philadelphia,1.5
PRICING POLICY,2.672
PRICING STRATEGIES,1.816
PRIN OF DIGITAL DESIGN,2.694
PRIN OF DIGITAL DSGN LAB,2.832666667
PRINC BIOLOGICAL CHEM,3.436666667
PRINCIPLES DRUG ACTION,3.1075
PRINCIPLES I,2.7992
PRINCIPLES I WITHOUT LAB,2.88
PRINCIPLES II,3.065
PRINCIPLES III ,3.1075
PRINCIPLES IV  MOD.PHYS.,3.231
PRINCIPLES OF ACCOUNTING,2.902571429
PRINCIPLES OF ADVERTISNG,1.87
PRINCIPLES OF HUMAN NUTRITION,2.183333333
PRINCIPLES OF ORG CHEM  Organic Chemistry II  Principles of Organic Chemistry with applications in,3.69
PRINCIPLES OF RETAILING,1.9975
PRINCIPLESII WITHOUT LAB,3.156666667
PRINIPLES OF ORG CHEM  Organic Chemistry II  Principles of Organic Chemistry,3.67
PROBABILITY,3.297391304
PROBLEMS IN FIN REPORTIN,2.93
PROCESS SYS DESIGN PROJ,3.364
PROD DEV/ENTREP VENTURES,1.95
PRODUCT DESIGN,1.69
PROFESSIONAL ETHICS,2.39
PROG LANG & TECH I,3.104444444
PROG LANG AND TECH II,3.186666667
PROJECT MANAGEMENT,1.66
PROOF IN MATH  PHIL LAW,2.89
PROVING THINGS  ALGEBRA,2.64
PROVING THINGS  ANALYSIS,3.1375
PROVOCATIVE PERFORMANCE,2.045
PRTG FOR SPANISH SPEAKER,1.7475
PSCI  BFS  Power Sharing in Deeply Divided Places,3.07
PSYCH MENTAL HEALTH NURSING  CLINICAL,2.090666667
PSYCH MENTAL HEALTH NURSING  THEORY,2.224285714
PSYCHIATRIC MENTAL HEALTH NURSING  CLINICAL,2.3525
PSYCHIATRIC NURSING,1.7775
PSYCHOANALYSIS & ANTHRO,2.536666667
PSYCHOLOGICAL AND SOCIAL DIVERSITY IN HEALTH AND WELLNESS,1.778571429
PSYCHOLOGY OF FOOD,0.8
PSYCHOLOGY OF LANGUAGE,2.515
PUBLIC FINANCE,2.42
PUBLIC POLICY ANALYSIS,2.412
PUBLIC POLICY AND THE NATION'S HEALTH,2.63
PUBLIC SPACE PUBLIC LIFE,2.37
PYTHON PROG,2.115
QUANT ANALYSIS ANTH DATA,2.645
Quantitative Research Methods in Communication,2.563333333
QUANTUM COMP & INF SCI,2.854
QUANTUM PHYS OF MATLS,2.837777778
RACE  GENDER  CLASS AND THE HISTORY OF AMERICAN HEALTH CARE,2.4975
RACE & CRIMINAL JUSTICE,3.465
RACE & ETHNIC RELATIONS,2.0475
RACE AND ETHNIC POLITICS,2.19
RACE CRIME & PUNISHMENT,3.035
RATES AND DATES,2.875
RAVDIN 6,3
RAVDIN 9,3.05
RDG/WRTG--NEW JOURNALISM  LONG-FORM JOURNALISM,2.266666667
RDG/WRTG--NEW JOURNALISM  Long-Form Journalistic Writing,1.96
READING THE CLASSICS,1.855
REAL ESTATE DEVELOPMENT,3.624
REAL ESTATE ENTREPRENEUR,2.2725
REAL ESTATE INVESTMENTS,3.163888889
REAL ESTATE LAW,2.5975
REC   ADULT HEALTH AND ILLNESS,2.7875
REC   MATERNITY,2.2525
REC   NURSING OF CHILDREN,2.6325
RECITATION,2.470353982
RECITATION  ADULT HEALTH & ILLNESS,2.713333333
RECITATION  MEETS IN FAGIN HALL ROOM 112,1.6025
RECITATION  MEETS IN FAGIN HALL ROOM 118 - NOTE 3-4 30PM,1.94
RECITATION  MEETS IN FAGIN HALL ROOM 205,1.5125
RECITATION  MEETS IN FAGIN HALL ROOM 207,1.60625
RECITATION  MEETS IN FAGIN HALL ROOM 208,1.567142857
RECITATION  MEETS IN FAGIN HALL ROOM 209,1.513333333
RECITATION  MEETS IN FAGIN HALL ROOM 213,1.506666667
RECITATION  MEETS IN FAGIN HALL ROOM 214,1.44
RECITATION  MEETS IN FAGIN HALL ROOM 215,1.545
RECITATION  MEETS IN FAGIN HALL ROOM 219-220,1.5075
RECITATION  REC  CRITICAL CARE,3.275
RECITATION  RECITATION  CRITICAL CARE,3.2
RECITATION  RECITATION  MATERNITY,1.986666667
RECITATION  RECITATION  PEDIATRICS,2.61
REFORM & REV IN AMERICAS,3.343333333
REHEARSAL AND PERFORMANCE - ON THE TOWN,2.21
RELIGION & US PUBLIC POL,1.98
RELIGION ANCIENT EGYPT,2.29
RELIGION AND LITERATURE,1.65
RELIGIONS OF THE WEST,1.785
Religious and Colonial Rule in Africa,2.76
REN-CONTEMP  ART >1400  RENAISSANCE TO CONTEMP,2.61
RENAISSANCE LIT & CULTR,2.765
RENAISSANCE-CONTEMPORARY,2.415
RENEW ENERGY&ITS IMPACT,2.6925
RES METHODS/PRAC IN IR,2.684615385
RES SEM HEALTH & SOCIETY,2.79
RESEARCH AND INNOVATION  The Landscape of Research and Innovation at Penn,2.33
RESEARCH EXP ABNORMAL  Gender Differences in Adolescent Psychopathology,2.765
RESEARCH EXP ABNORMAL  PSYCHOPATHOLOGY,2.651111111
RESEARCH EXP SOCIAL PSYC,2.176666667
RESEARCH EXP SOCIAL PSYC  SEXUALITY & ATTRACTION,1.485
RESEARCH METHODOLOGY,2.253333333
RESEARCH SEMINAR,2.088
Research Seminar on Experiments in Crime and Justice,3.1
RESEARCH/INQUIRY-BASED SERVICE RESIDENCY,1.875
RETAIL MERCHANDISING,1.716666667
RHETORIC & THE COMMUNITY,2.35
RHOADS 3,2.59
RHOADS 4,3.2725
RHOADS 6,2.805
RISE & FALL OF RUSS EMP,2.845
RISE&FALL OF SPANISH EMP,1.92
RISK MANAGEMENT,2.5865
RISKY BUSINESS,1.5675
RITUAL COMMUNICATION,2.75
RNA WORLD FUNC&COMP ANAL,3.076666667
ROMAN SCULPTURE,2.515
RUBY ON RALS WEB DEVELP,1.441666667
RUSS LIT TO 1870S,2.28
RUSSIA AND THE WEST,2.3025
Russian and East European Film II,1.432
RUSSIAN FILM 1900-1945,1.015
RUSSIAN HISTORY IN FILM,1.48
RUSSIAN LIT AFTER 1870,2.364
SAINTS & DEVILS RUSS LIT,1.715
SAMBA ENSEMBLE,0.716923077
SAMPLE SURVEY METHODS,2.015
SANSKRIT 1ST YR PART II,3.25
SCALABLE & CLOUD COMP,2.685
Scandalous Arts in Ancient and Modern Societies,2.265
SCHOOL REFORM AND PUBLIC POLICY,2.735
SCI MED TECH COL INDIA,2.236666667
SCI OF SEX & SEXUALITY,2.318
SCIENCE & ART OF BIOTECH,1.65
SCIENCE & LITERATURE,2.5
SCIENCE AND THE SENSES ,2.25
SCIENCE TECHNOLGY & WAR,2.386
SCREENWRITING WORKSHOP,2.078181818
SCULPTURE PRACTICES,2.055
SELECTED TOPICS IN MED  INFECTIOUS DISEASES,1.182
SEMINAR,2.845714286
SEMINAR  ADULT HEALTH & ILLNESS,2.855
SEMINAR  CRITICAL CARE,3.22
SEMINAR  OB,1.615
SEMINAR  PEDIATRICS,2.37
SEMINAR  PSYCHOLINGUISTICS,2.48
SEMINAR ABNORMAL PSYCH  GENDER AND PSYCHOPATHOLO,2.366666667
SEMINAR DECISION MAKING  JUDGMENT AND DECISIONS,2.556666667
SEMINAR DEVELOP PSYCH  Psychology of Imagination,2.33
SEMINAR EVOLUTION PSYCH  Behavioral Biology of Women,2.075
SEMINAR IN AFAMS  BLACKS IN AMER FILM/TV,2.21
SEMINAR IN COG NEUROSCI  CONSCIOUSNESS,2.526666667
Seminar in Perception  Visual Processing,2.96
SEMINAR IN SOCIAL PSYCH  FRIENDSHIP & ATTRACTION,1.94
SEMINAR IN SOCIAL PSYCH  MORAL PSYCHOLOGY,2.24
SEMINAR IN SOCIAL PSYCH  OBEDIENCE,1.81
SEMINAR IN SOCIAL PSYCH  PSYCHOLOGY AND LAW,2.1575
SEMINAR IN SOCIAL PSYCH  PSYCHOLOGY AND RELIGION,2.16
SEMINAR POSITIVE PSYCH  Imagination and Creativity in Psychology An Applied Course & Research Study,1.93
Senior Capstone,2.073333333
SENIOR COLLOQUIUM,1.625
SENIOR DESIGN,2.256
SENIOR DESIGN PROJECT,2.728571429
SENIOR HONORS IN HIST I,3.885
SENIOR HONORS IN HIST I  SENIOR HONORS,3.4825
SENIOR HONORS SEM PSYCH,1.938571429
SENIOR INQUIRY,2.62625
SENIOR PROJECT,2.254444444
SENIOR RESEARCH SEMINAR  THESIS WORKSHOP,2.55
SENIOR SEMINAR,3.17125
Senior Seminar for Thesis Research,3.021578947
SENIOR SEMINAR PROJECT,3.121111111
SENIOR THESIS,2.875
SENIOR THESIS-BIOMED SCI,2.44
SEPARATION PROCESSES,3.056
SEQUENTIAL DRAWING,3.0075
SERVICE OP MDLS&APPL,2.52
SERVICE OP MDLS&APPL  Service Operations  Models and Applications,2.415
SEX & HUMAN NATURE,2.655
SILVERSTEIN 10,2.2075
SILVERSTEIN 11,3.415
SILVERSTEIN 12,3.1125
SILVERSTEIN 9,3.183333333
SITUATING THE PRACTICE OF NURSING,1.892
Sleep  What is it  why do we need it  and how can we get more?,1.44
SNIP & TUCK HIST OF SURG,2.18
SOC DETERMINANTS HLTH,2.39
SOC INNOV & SOC ENTRPRSE,2.055
SOC. OF MEDIA & POP CULT,2.1825
SOCIAL CHOICE,2.68
SOCIAL CONFLICT,1.985
SOCIAL ENTREPRENEURSHIP,1.985
SOCIAL IMPACT & RESP,2.24
SOCIAL IMPACT OF MKTG,1.72
SOCIAL MOVEMENTS,2.705
SOCIAL PROB & PUB POLICY,1.935
SOCIAL PSYCHOLOGY,2.41
SOCIAL STATISTICS,2.02625
SOCIAL STRATIFICATION,2.2
SOCIETY & CULT IN BRAZIL,1.883333333
SOCIOCULTURAL INFLUENCES ON HEALTH,2.0725
SOCIOLOGY OF GENDER,1.68
SOCIOLOGY OF RELIGION,1.546666667
SOFT MATERIALS,2.8825
SOFTWARE DESIGN/ENGINEER,1.888
SOLARSYSTEM EXOPLANETS,1.993333333
SOLARSYSTEM EXOPLANETS  The Solar System  Exoplanets  and Life,2.546666667
SOUND SEM SONIC MEASURES,3.25
SOUND STRUCTURE OF LANG,2.9
SOUNDING POETRY  MUSIC AND LITERATURE,1.74
SOUTH ASIANS IN THE US,2.095
SOVIET & POST-SOV ECON,2.23
Special Topics  Digital Marketing and Electronic Commerce,1.935
SPECIAL TOPICS IN COMM  COMMUNICATION & ART,2.1
SPIRITUAL COMMUNICATION,2.22
SPORTS BUSINESS MGMT,2.224285714
SPORTS LAW,1.9025
SPORTS VENTURES & SOC IM,1.12
SR DESIGN PROJ I-EE/SSE,2.456666667
SR DESIGN PROJ II-EE/SSE,2.732
SR THESIS/BIOMED SCIENCE,2.185
STAT FOR ECONOMISTS,3.033333333
STATICS & STRENTH OF MAT,2.615
STATISTICAL INFERENCE,3.248421053
STATISTICAL METHODS PSCI,2.72
STATISTICS FOR BIOLOGIST,2.4175
STATISTICS FOR RESEARCH AND MEASUREMENT,2.385
STDS AFRICAN-AMER MUSIC,2.395
Stem Cell Science in Schools  History  Ethic and Education,1.63
STEM CELLS  SCI  & SOC,2.39
Stem Cells & Society,2.09
STOCH SYS ANALYSIS SIMUL,3.3125
STOCHASTIC PROCESSES,3.3125
STRAT & PRAC OF FAMILY,1.996
STRAT FOR ECON INCLUSION,1.1975
STRATEGIC BRAND MGMT,1.5775
STRATEGIC EQUITY FINANCE,2.56
STRATEGIC REASONING,2.935
STRATEGY POLICY & WAR,2.54
STRCTRE AT THE NANOSCALE,3.2225
STRUCTURAL BIOLOGY,2.64
STRUCTURAL BIOLOGY  Structural Biology & Genomics,2.73
STRUCTURAL GEOLOGY,2.6
STRUCTURAL MATERIALS,2.865
STRUCTURE OF ASL,1.96
STUDIES IN SPAN AM CLTR  Detectives  Criminals and Writers in Contemporary Latin American Literature,2.51
STUDY ABROAD,1.476666667
STUDY OF A PERIOD  THE TWENTIETH CENTURY,2.4
STUDY OF AN AUTHOR  SHAKESPEARE AND FILM,2.29
STUDY OF AN AUTHOR  Shakespeare and his Afterlives  Film  Theater  Culture,2.15
SUFISM,2.625
SURVEY OF ETHICAL THEORY  METAETHICS,3.24
SURVEY OF THE UNIVERSE,2.814285714
Sustainability and Utopianism,2.81
SUSTAINABLE DEV IN GHANA,1.72
SYMPHONY,2.45
SYS METHODOLOGY,1.9975
SYSTEMS BIOL  INT PHYS,2.115
SYSTEMS NEUROSCIENCE,3.14
TAX PLANNING & ADMINISTR,2.75
TAXES AND BUS STRATEGY,3.374666667
TEACHING COMP SCI BASICS,1.25
TECH & ENG IN MEDICINE,1.57
TECH INNOVA & BUS HIST,2.99
TECHN INNOV & ENTRSHIP,2.7175
TECHNOLOGY & SOCIETY,2.166
TECHNOLOGY AND POLICY,1.852857143
TERRORISM,2.46
TEXTS AND CONTEXTS,2.465
THE AGE OF CHAUCER,2.31
THE AGE OF MILTON,2.635
THE AMERICAN PRESIDENCY,3.395
THE AMERICAN SOUTH,2.565
The Art of Speaking  Comm Within the Curriculum Speaking Advisor Training,2
THE ART OF THE PROFILE,1.93
THE ARTS & POPULAR CULT.,2.466
The Arts and Popular Culture,2.52
THE BIG BANG AND BEYOND,3.153333333
THE BIOLOGY OF FOOD,2.55
THE CAUSES OF WAR&PEACE,2.76
THE CITY,2.83
THE CITY IN SOUTH ASIA,2.2775
THE COEN BROTHERS AND THEIR INFLUENCES,1.65
THE DEVIL'S PACT LIT,2.163333333
THE EMBODIED MIND,2.95
THE EUROPEAN UNION,2.616666667
THE EVOLUTION OF ANIMAL BEHAVIOR,2.52
THE FAMILY,2.0725
THE HONORS PROGRAM,2.4275
THE IMMIGRANT CITY,2.413333333
THE INFORMATION AGE,2.475
The Making of Modern Paris,2.56
THE MODERN WORLD AND ITS CULTURAL BACKGROUND,2.285
THE NATURE OF NURS PRACTICE,1.31
THE NATURE OF NURSING PRACTICE,1.786666667
THE NEW AFRICAN DIASPORA  African Immigrant Lives in West Philadelphia,2
THE NEXT MILLENIUM  Next Millenium  Would Technology Help Us Resolve The Environmental Dilemma?,1.1
THE PLAY,2.09
THE POLITICS OF FOOD,2.458
The Politics of Government in Washington Community,2.496666667
The Politics of Housing and Urban Development,2.312
THE POLITICS OF UGLY,2.435
THE RELIGIOUS OTHER,2.673333333
THE RICH AND THE POOR,2.066666667
THE ROMANTIC PERIOD  ROMANTIC REVOLUTIONS,2.24
THE SOCIAL CONTRACT,2.50625
THE SUPERBUG EPIDEMIC,1.5625
THE TRANSFORMATION OF URBAN AMERICA,2.3
The Translation of Poetry and the Poetry of Translation,2.11
THE TUDORS,2.98
THEATRE  HIST  CLTR I,1.63
THEATRE  HIST  CLTR II,2.42
THEATRE  HIST  CLTR III,2.71
THEATRE HIST & CULTR II  Romantics  Realists  and Revolutionaries,2.25
THEATRE IN PHILADELPHIA,1.5025
THEORETICAL FOUNDATIONS OF HEALTH CARE ETHICS,1.3775
THEORIES GENDR/SEXUALITY  FEMINIST THEORY,2.655
THEORY & MUSCIANSHIP II,2.653333333
THEORY & MUSICIANSHIP I,2.68
THEORY & MUSICIANSHP III,2.25
THEORY OF NETWORKS,2.83
THEORY/MUSICIANSHIP I,2.678
THEORY/MUSICIANSHIP II,2.76
THEORY/MUSICIANSHIP IV,3.505
THERMODYNAMICS I,3.388333333
THERMODYNAMICS OF FLUIDS,3.31
THINKING WITH MODELS,2.06
THIRD REICH,2.64
TOLSTOY,2.225
TOPICS  ITALIAN CULTURE  Exploring Ethnicity  The Italian American Experience,1.835
TOPICS  LATIN LITERATURE  TOPICS  LATIN LITERATURE,2.975
TOPICS 17TH-CENTURY LIT  MILTON,2.84
TOPICS 20TH-C LITERATURE  THE FUTURE OF MEMORY,2.25
TOPICS DRAMA TO 1660  INTRO TO SHAKESPEARE,2.705
TOPICS FILM STUDIES  CINEMA & GLOBALIZATION,2.4225
TOPICS FILM STUDIES  TRANSNATIONAL CINEMA,2.215
TOPICS IN ARCHITECTURE THEORY II  CULTURAL ECOLOGY,1.97
TOPICS IN BRAZILIAN CULT  Popular Culture and Political Context in Brazilian Contemporary Cinema,1.79
TOPICS IN DEVELOPMENT,2.535
TOPICS IN EUROPEAN HIST  SECULAR JUDAISM AND JEWS,2.6
TOPICS IN FILM AND LIT  MODERN SCI-FI CINEMA,1.903333333
TOPICS IN FILM PRACTICE  MOD SCIENCE FICTION FILM,1.616666667
TOPICS IN HISTORY & THEORY II  CULTURAL ECOLOGY,2.63
TOPICS IN LITERATURE  COPYRIGHT AND CULTURE,1.986666667
TOPICS IN LITERATURE  WRITING ABOUT ART,1.215
TOPICS IN METAPHYSICS  PHIL & SCIENCE FICTION,2.25
TOPICS IN SOCIOLOGY  POVERTY/SOCIAL EXCLUSION,2.045
TOPICS IN US HISTORY  JAPANESE/AMER INTERNMENT,2.415
TOPICS IN WORLD HISTORY,1.905
TOPICS IN WORLD HISTORY  HISTORY OF CHINA,1.78
TOPICS RENAISSANCE DRAMA  ACTING SHAKESPEARE,2.17
TPCS  SPAN/LTAM CINEMA  The Great Illusion   Over a Century of Spanish Cinema,2.27
TPCS 18TH-C BRITISH LIT  CHINA IN ENGLISH IMAGINA,2.66
TPCS HISTORY OF THE BOOK  WRIT&READ EARLY MOD EURO,2.13
TPCS IN AFRICANA STUDIES  The History of Women and Men of African Descent at the University of Penn,1.67
TPCS IN INT'L RELATIONS                             COUNTERINTELLIGENCE,2.75
TPCS IN INT'L RELATIONS  THEORY/PRAC COUNTERINTEL,1.89
TRANSNATL ISSUES GLOBAL,2.54
TUTORIAL IN LINGUISTICS,3.02
TYPOGRAPHY,2.69
UNDERGRAD METHODS SEM,3.28
Undergraduate Methods Seminar,3.49
UNDERGRADUATE SEMINAR  Global Approaches to Art History  Early Modern Court Culture,2.71
URB PUB POL & PRIV DEVEL,2.53
URB UNIV-COMMUNITY REL  Faculty/Student Collaborative Action Seminar  Urban Univ/Comm Relations,2.076666667
URBAN ASTHMA EPIDEMIC,1.575
URBAN EDUCATION,1.96
Urban Environments  Speaking About Lead in West Philadelphia,2.071666667
URBAN FISCAL POLICY,2.748571429
URBAN JOURNALISM,2.24
URBAN LAW,2.913333333
URBAN POLITICS IN THE US,2.266666667
URBAN PUB POLICY  Contemporary Phila.  A Case Study,2.695
URBAN REAL ESTATE MRKTS,2.383333333
URBAN REDEVELOPMENT,1.955
URBAN RESEARCH METHODS,1.917
URBAN SOCIOLOGY,2.195
URBAN STUDIES HONORS,2.575
US AND CHINA 1912-2012,2.37
US FOREIGN POL MID EAST,3.565
UTOPIA,2.395
VEN CAPITAL & ENT MGMT,2.66
VENT CAP & FNCE INNOVAT,2.995
VERTEBRATE PHYSIOLOGY,2.859090909
VETERAN'S ADMINISTRATION MEDICAL CENTER (VAMC),1.93
VIBRATION MECH SYSTEMS,3.4175
VIDEO I,2.3625
VILLA GARDENS AND VILLA LIFE  CULTURAL AND SOCIAL TRANSFORMATIONS,1.46
Violence against Women in Conflict  Sexuality  Terrorism  and Human Rights,2.335
VIPER SEMINAR  Vagelos Integrated Program in Energy Research (VIPER) Seminar  Part I,2.425714286
VIPER SEMINAR II  Vagelos Integrated Program in Energy Research (VIPER) Seminar II,1.948
VISIONS ROME/ART-LIT-CIN,1.875
VISUAL COMMUNICATION,1.925
VISUAL COMMUNICATION LAB,1.275
VISUAL NEUROSCIENCE,2.516666667
VISUALIZATION,3.59
VISUALIZATION I  REPRESENTATION,3.08
VISUALIZATION II,3.272
VISUALIZATION II  FABRICATION,3.265
VISUALIZING THE PAST,2.13
VOICE FOR THE ACTOR,1.77
Voices of Israel in Film & Literature,1.85
WEB DESIGN,1.98
WHARTON FIELD CHALLENGE  Financial Literacy Community Project (FLCP),1.615
When Disaster Strikes  The Fault Lines of Humanitarian Aid,2.13
WHUG RESEARCH SCHOLARS,2.83
WITCHCRAFT & POSSESSION,2.07
WLRD HIST  E ASIA/LTAM  UNOFF HIST COL CARIBBEAN,2.835
WOMEN AND RELIGION,2.22
WORLD FILM HIST '45-PRES,2.106
WORLD FILM HIST TO 1945,1.936666667
WORLD MUSICS & CULTURES,1.831714286
WORLD OF THE MIDDLE AGES,2.4
WORLD WAR I,3.033333333
WRITING FOR CHILDREN,2.1225
WRITING SEM GLOBAL ENGL  COMMUN & CONNECT ONLINE,2.66
WRITING SEM GLOBAL ENGL  DIGITAL LITERACIES,2.534285714
WRITING SEM GLOBAL ENGL  ENGLISH AS GLOBAL LANG,2.81
WRITING SEM GLOBAL ENGL  GLOBAL FOODWAYS,2.665
WRITING SEM GLOBAL ENGL  GLOBAL HEALTH,2.55
WRITING SEM GLOBAL ENGL  GLOBAL HEALTH & HEALING,2.778333333
WRITING SEM GLOBAL ENGL  INFORMAL ECONOMIES,2.54
WRITING SEM GLOBAL ENGL  ONLINE PRIVACY,2.83
WRITING SEM GLOBAL ENGL  SUPERFLUOUS CITIZENS,2.625
WRITING SEM GLOBAL ENGL  THE POLITICS OF HOME,2.4075
WRITING SEMINAR IN ANTH  AMERITOCRACY,2.34
WRITING SEMINAR IN ANTH  ARCH  HIST  & BIBLE,2.566666667
WRITING SEMINAR IN ANTH  BONES OF CONTENTION,2.2
WRITING SEMINAR IN ANTH  CONSUMPTION AND SOCIETY,2.718333333
WRITING SEMINAR IN ANTH  DRINKING & CULTURAL DIFF,2.45
WRITING SEMINAR IN ANTH  DRUGS FOR LIFE,2.27
WRITING SEMINAR IN ANTH  FAKES/FORGERIES IN ARCH,2.648333333
WRITING SEMINAR IN ANTH  GLOBAL DEVELOPMENT &NGOS,2.32
WRITING SEMINAR IN ANTH  GLOBAL HEALTH,2.385
WRITING SEMINAR IN ANTH  GLOBAL HEALTH & HEALING,2.69
WRITING SEMINAR IN ANTH  HUMANITARIAN RELIEF,2.485
WRITING SEMINAR IN ANTH  INFORMAL ECONOMIES,2.3
WRITING SEMINAR IN ANTH  JUST LEAN IN,2.775
WRITING SEMINAR IN ANTH  PHILANTHROPY & CAPITAL,2.537142857
WRITING SEMINAR IN ANTH  POL VIOLENCE  JUSTICE,2.8975
WRITING SEMINAR IN ANTH  THE MEANING OF MONEY,3.28
WRITING SEMINAR IN ANTH  THE POLITICS OF NGOS,2.575
WRITING SEMINAR IN ANTH  UNMAKING SOVIET LIFE,2.655
WRITING SEMINAR IN ARCH  SCIENCE OF SOCIAL SPACE,2.665
WRITING SEMINAR IN ARTH  ART  ARTISTS  & IDENTITY,2.29
WRITING SEMINAR IN ARTH  MEDIEVAL IN ART & FILM,2.785
WRITING SEMINAR IN ARTH  SAMPLE  REMIX  MASH-UP,2.4
WRITING SEMINAR IN ASAM  RACE AND POPULAR CINEMA,2.405555556
WRITING SEMINAR IN CINE  APOCALYPSE NOW,2.31
WRITING SEMINAR IN CINE  CHICK FLICKS,2.496
WRITING SEMINAR IN CINE  DRESSED TO THRILL,2.436666667
WRITING SEMINAR IN CINE  GOTTA DANCE,2.52
WRITING SEMINAR IN CINE  NOBLE SAVAGES IN EUR CIN,2.8
WRITING SEMINAR IN CINE  PIXAR AND MASCULINITY,2.41
WRITING SEMINAR IN CINE  PSYCHO  A CASE HISTORY,2.594285714
WRITING SEMINAR IN CINE  PULP FICTIONS,2.413333333
WRITING SEMINAR IN CINE  THE THIRD MAN,2.476666667
WRITING SEMINAR IN CLST  MADNESS & WINE,2.3175
WRITING SEMINAR IN CLST  MAGIC IN ANCIENT WORLD,2.398571429
WRITING SEMINAR IN CLST  MONSTROUS MOTHERS,2.713333333
WRITING SEMINAR IN CLST  POWER AND PERSUASION,2.47
WRITING SEMINAR IN CLST  THE ROMAN ARENA,2.7675
WRITING SEMINAR IN CLST  VIOLENCE AND VENGEANCE,2.585
WRITING SEMINAR IN COML  HEARTS OF DARKNESS,2.745
WRITING SEMINAR IN COML  JAMES JOYCE'S DUBLINERS,2.315
WRITING SEMINAR IN COML  KAFKA,2.145
WRITING SEMINAR IN COML  MONSTERS INCORPORATED,2.69
WRITING SEMINAR IN COML  POETIC VISION,2.825
WRITING SEMINAR IN COML  POLITICS OF INTIMACY,2.625
WRITING SEMINAR IN COML  THOREAU'S WALDEN,2.48
WRITING SEMINAR IN COML  WHY HAMLET?,2.578333333
WRITING SEMINAR IN COMM  MARKETING AND TOURISM,2.853333333
WRITING SEMINAR IN COMM  NETWORKED TEENAGERS,2.786666667
WRITING SEMINAR IN CRIM  DEATH PENALTY IN THE US,2.475
WRITING SEMINAR IN EALC  ZEN TRADITIONS,2.3
WRITING SEMINAR IN EAS  ART OF ENGINEERING,2.07
WRITING SEMINAR IN ENGL  A BRAVE NEW WORLD,2.68
WRITING SEMINAR IN ENGL  BAD ROMANCE,2.945
WRITING SEMINAR IN ENGL  BLADE RUNNER,2.245
WRITING SEMINAR IN ENGL  COMIC ART,2.534666667
WRITING SEMINAR IN ENGL  DECIPHERING AVANT-GARDE,2.66
WRITING SEMINAR IN ENGL  JANE AUSTENS,2.865
WRITING SEMINAR IN ENGL  LITERARY GOSSIP,2.605
WRITING SEMINAR IN ENGL  LIVING FOR THE CITY,2.66
WRITING SEMINAR IN ENGL  MARK MY WORDS,2.565
WRITING SEMINAR IN ENGL  MEDIEVAL OUTLAWS,2.725
WRITING SEMINAR IN ENGL  MILTON'S PARADISE LOST,2.625
WRITING SEMINAR IN ENGL  MOBY-DICK,2.9
WRITING SEMINAR IN ENGL  ON PHOTOGRAPHY,2.598333333
WRITING SEMINAR IN ENGL  ORWELL IN EUROPE,2.815
WRITING SEMINAR IN ENGL  PERSUADING LOVERS,3.19
WRITING SEMINAR IN ENGL  POE & DETECTIVE STORY,2.535
WRITING SEMINAR IN ENGL  POEM CHANGED AMERICA,2.365
WRITING SEMINAR IN ENGL  POSTCOLONIAL WRITERS,2.925
WRITING SEMINAR IN ENGL  PRISON IN AMERICAN LIT.,2.74
WRITING SEMINAR IN ENGL  QUIET ON WESTERN FRONT,2.576666667
WRITING SEMINAR IN ENGL  READING KARL MARX,2.65
WRITING SEMINAR IN ENGL  SATAN'S GUISES,2.355
WRITING SEMINAR IN ENGL  SHAKESPEARE & ADAPTATION,2.72
WRITING SEMINAR IN ENGL  THE CONSCIENCE OF WAR,2.51
WRITING SEMINAR IN ENGL  THE GREAT GATSBY,3.128333333
WRITING SEMINAR IN ENGL  THE HARDBOILED DETECTIVE,2.49
WRITING SEMINAR IN ENGL  THE TRIAL IN LITERATURE,2.825
WRITING SEMINAR IN ENGL  TRUE CRIME,2.75
WRITING SEMINAR IN ENGL  VIRGINIA WOOLF,2.565
WRITING SEMINAR IN ENGL  WARHOL & O'HARA,2.975
WRITING SEMINAR IN ENGL  WHAT ELSE CAN POETRY DO?,2.465
WRITING SEMINAR IN ENGL  WIZARD OF OZ IN CONTEXT,2.315
WRITING SEMINAR IN ENGL  WRITING BY THE NUMB3RS,2.32
WRITING SEMINAR IN ENVS  LAW  ENVIRONMENT  IDENT,2.06
WRITING SEMINAR IN HIST  CIT. & SUBJ. CONT AFRICA,2.58
WRITING SEMINAR IN HIST  NELSON MANDELA,2.805
WRITING SEMINAR IN HIST  STUDENT PROTEST OF 1968,2.665
WRITING SEMINAR IN HIST  THE 1970S,2.855
WRITING SEMINAR IN HIST  THE LION KING,2.681666667
WRITING SEMINAR IN HIST  WINSTON CHURCHILL,2.895714286
WRITING SEMINAR IN MUSC  MUSICIANS ON MUSIC,2.53
WRITING SEMINAR IN NELC  GREEK AND ROMAN WARFARE,2.69
WRITING SEMINAR IN PHIL  CRIMINALIZATION,2.955
WRITING SEMINAR IN PHIL  EATING ETHICALLY,2.733333333
WRITING SEMINAR IN PHIL  ENVIRONMENTAL ETHICS,2.383333333
WRITING SEMINAR IN PHIL  MACHINES AND MIND,2.68
WRITING SEMINAR IN PHIL  MORALITY & HEALTH CARE,2.51
WRITING SEMINAR IN PHIL  NOVEL AS GUIDE TO MORAL,2.0975
WRITING SEMINAR IN PHIL  PLAYING GAMES,2.85
WRITING SEMINAR IN PHIL  SCIENCE AND HUMAN NATURE,2.29
WRITING SEMINAR IN PHIL  THE ETHICS OF IDENTITY,2.54
WRITING SEMINAR IN PSCI  DEMOCRACY IN AMERICA,2.556
WRITING SEMINAR IN PSCI  GREEN CITIES,2.725
WRITING SEMINAR IN PSCI  MONEY AND DEMOCRACY,2.65
WRITING SEMINAR IN PSCI  MORAL LIMITS OF MARKETS,2.845
WRITING SEMINAR IN PSCI  POL CULTURE & POLICY DEV,2.4125
WRITING SEMINAR IN PSCI  POLITICAL MOVEMENTS,2.675
WRITING SEMINAR IN PSCI  RHETORIC OF PRESIDENCY,2.25
WRITING SEMINAR IN PSCI  SOCRAT METHD & DEMOCRACY,3.445
WRITING SEMINAR IN PSCI  URBAN PLANNING  UTOPIAS,2.8
WRITING SEMINAR IN PSYC  EMOTIONS REVEALED,2.345
WRITING SEMINAR IN PSYC  HOW MEMORIES DEFINE US,2.3325
WRITING SEMINAR IN PSYC  NEUROSCIENCE OF VIOLENCE,2.23
WRITING SEMINAR IN PSYC  NOVELIST & NEUROSCIENTST,2.626
WRITING SEMINAR IN PSYC  SCIENCE OF CREATIVITY,2.34
WRITING SEMINAR IN RELS  THE ORIGINS OF EVIL,2.48
WRITING SEMINAR IN SOCI  CONTESTED ILLNESS,2.735
WRITING SEMINAR IN SOCI  CULTURE WAR?,2.655
WRITING SEMINAR IN SOCI  MASS INCARCERATION,2.43
WRITING SEMINAR IN SOCI  SOC OF HARRY POTTER,2.205
WRITING SEMINAR IN SOCI  TERROR & COUNTERTERROR,2.2925
WRITING SEMINAR IN SOCI  WHEN DISASTER STRIKES,2.72
WRITING SEMINAR IN STSC  CLINICAL TRIALS,2.135
WRITING SEMINAR IN STSC  FINDING MR. RIGHT,2.576666667
WRITING SEMINAR IN STSC  MARINE ECOLOGIES,2.526666667
WRITING SYSTEMS,2.2425
WRITING THROUGH CULT ART,2.2
WRITING THROUGH CULT ART  WRITING THROUGH ART/LIT,2.75
WRTG HIST IN GREECE&ROME,2.565